Handle,Title,Body (HTML),Vendor,Product Category,Type,Tags,Published,Option1 Name,Option1 Value,Option2 Name,Option2 Value,Option3 Name,Option3 Value,Variant SKU,Variant Grams,Variant Inventory Tracker,Variant Inventory Qty,Variant Inventory Policy,Variant Fulfillment Service,Variant Price,Variant Compare At Price,Variant Requires Shipping,Variant Taxable,Variant Barcode,Image Src,Image Position,Image Alt Text,Gift Card,SEO Title,SEO Description,Google Shopping / Google Product Category,Google Shopping / Gender,Google Shopping / Age Group,Google Shopping / MPN,Google Shopping / Condition,Google Shopping / Custom Product,Google Shopping / Custom Label 0,Google Shopping / Custom Label 1,Google Shopping / Custom Label 2,Google Shopping / Custom Label 3,Google Shopping / Custom Label 4,Variant Image,Variant Weight Unit,Variant Tax Code,Cost per item,Included / Australia,Price / Australia,Compare At Price / Australia,Included / International,Price / International,Compare At Price / International,Status
zafu-meditation-cushion,Zafu meditation cushion,"<div class=""more-description"">
<h2>More Detail</h2>
<ul>
<li>
<p>Lorem Ipsum is simply dummy text of the printing and typesetting industry</p>
</li>
<li>
<p>Lorem Ipsum has been the ‘s standard dummy text. Lorem Ipsumum is simply dummy text.</p>
</li>
<li>
<p>type here your detail one by one li more add</p>
</li>
<li>
<p>has been the industry’s standard dummy text ever since. Lorem Ips</p>
</li>
<li>
<p>Lorem Ipsum is simply dummy text of the printing and typesetting industry.</p>
</li>
<li>
<p>Lorem Ipsum is simply dummy text of the printing and typesetting industry. Lorem Ipsum has been the ‘s standard dummy text. Lorem Ipsum has been the industry’s standard dummy text ever since. Lorem Ipsum is simply dummy text.</p>
</li>
</ul>
</div>
<div class=""more-description"">
<h2>Key Specification</h2>
<ul>
<li>
<p>Lorem Ipsum is simply dummy text of the printing and typesetting industry</p>
</li>
<li>
<p>Lorem Ipsum has been the ‘s standard dummy text. Lorem Ipsumum is simply dummy text.</p>
</li>
<li>
<p>type here your detail one by one li more add</p>
</li>
<li>
<p>has been the industry’s standard dummy text ever since. Lorem Ips</p>
</li>
<li>
<p>Lorem Ipsum is simply dummy text of the printing and typesetting industry.</p>
</li>
<li>
<p>Lorem Ipsum is simply dummy text of the printing and typesetting industry. Lorem Ipsum has been the ‘s standard dummy text. Lorem Ipsum has been the industry’s standard dummy text ever since. Lorem Ipsum is simply dummy text.</p>
</li>
<li>
<p>Lorem Ipsum is simply dummy text of the printing and typesetting industry. Lorem Ipsum has been the ‘s standard dummy text. Lorem Ipsum has been the industry’s standard dummy text ever since. Lorem Ipsum is simply dummy text.</p>
</li>
</ul>
</div>",Yogolf,Sporting Goods > Exercise & Fitness > Yoga & Pilates > Yoga & Pilates Mats,Yoga,"khaki, thistle, wheat, yoga, yogolf",true,Color,Khaki,,,,,abccd-16,0.0,shopify,24,deny,manual,169.00,,true,true,,https://cdn.shopify.com/s/files/1/0864/3615/1593/files/78.jpg?v=1712220790,1,"",false,,,,,,,,,,,,,,https://cdn.shopify.com/s/files/1/0864/3615/1593/files/78.jpg?v=1712220790,lb,,199.00,true,,,true,,,active
zafu-meditation-cushion,,,,,,,,,Wheat,,,,,abccd-18,0.0,shopify,20,deny,manual,169.00,,true,true,"",https://cdn.shopify.com/s/files/1/0864/3615/1593/files/79.jpg?v=1712220790,2,"",,,,,,,,,,,,,,,https://cdn.shopify.com/s/files/1/0864/3615/1593/files/83.jpg?v=1712220790,lb,,199.00,,,,,,,
zafu-meditation-cushion,,,,,,,,,Thistle,,,,,abccd-19,0.0,shopify,15,deny,manual,189.00,,true,true,,https://cdn.shopify.com/s/files/1/0864/3615/1593/files/80.jpg?v=1712220790,3,"",,,,,,,,,,,,,,,https://cdn.shopify.com/s/files/1/0864/3615/1593/files/80.jpg?v=1712220790,lb,,199.00,,,,,,,
zafu-meditation-cushion,,,,,,,,,,,,,,,,,,,,,,,,,https://cdn.shopify.com/s/files/1/0864/3615/1593/files/81.jpg?v=1712220790,4,"",,,,,,,,,,,,,,,,,,,,,,,,,
zafu-meditation-cushion,,,,,,,,,,,,,,,,,,,,,,,,,https://cdn.shopify.com/s/files/1/0864/3615/1593/files/82.jpg?v=1712220790,5,"",,,,,,,,,,,,,,,,,,,,,,,,,
zafu-meditation-cushion,,,,,,,,,,,,,,,,,,,,,,,,,https://cdn.shopify.com/s/files/1/0864/3615/1593/files/83.jpg?v=1712220790,6,"",,,,,,,,,,,,,,,,,,,,,,,,,
cotton-yoga-blanket,Cotton yoga blanket,"<div class=""more-description"">
<h2>More Detail</h2>
<ul>
<li>
<p>Lorem Ipsum is simply dummy text of the printing and typesetting industry</p>
</li>
<li>
<p>Lorem Ipsum has been the ‘s standard dummy text. Lorem Ipsumum is simply dummy text.</p>
</li>
<li>
<p>type here your detail one by one li more add</p>
</li>
<li>
<p>has been the industry’s standard dummy text ever since. Lorem Ips</p>
</li>
<li>
<p>Lorem Ipsum is simply dummy text of the printing and typesetting industry.</p>
</li>
<li>
<p>Lorem Ipsum is simply dummy text of the printing and typesetting industry. Lorem Ipsum has been the ‘s standard dummy text. Lorem Ipsum has been the industry’s standard dummy text ever since. Lorem Ipsum is simply dummy text.</p>
</li>
</ul>
</div>
<div class=""more-description"">
<h2>Key Specification</h2>
<ul>
<li>
<p>Lorem Ipsum is simply dummy text of the printing and typesetting industry</p>
</li>
<li>
<p>Lorem Ipsum has been the ‘s standard dummy text. Lorem Ipsumum is simply dummy text.</p>
</li>
<li>
<p>type here your detail one by one li more add</p>
</li>
<li>
<p>has been the industry’s standard dummy text ever since. Lorem Ips</p>
</li>
<li>
<p>Lorem Ipsum is simply dummy text of the printing and typesetting industry.</p>
</li>
<li>
<p>Lorem Ipsum is simply dummy text of the printing and typesetting industry. Lorem Ipsum has been the ‘s standard dummy text. Lorem Ipsum has been the industry’s standard dummy text ever since. Lorem Ipsum is simply dummy text.</p>
</li>
<li>
<p>Lorem Ipsum is simply dummy text of the printing and typesetting industry. Lorem Ipsum has been the ‘s standard dummy text. Lorem Ipsum has been the industry’s standard dummy text ever since. Lorem Ipsum is simply dummy text.</p>
</li>
</ul>
</div>",Yogolf,Sporting Goods > Exercise & Fitness > Yoga & Pilates > Yoga & Pilates Mats,Yoga,"khaki, lavender, lightsalmon, yoga, yogolf",true,Color,Lightsalmon,,,,,abccd-18,0.0,shopify,31,deny,manual,559.00,599.00,true,true,,https://cdn.shopify.com/s/files/1/0864/3615/1593/files/72.jpg?v=1712220601,1,"",false,,,,,,,,,,,,,,https://cdn.shopify.com/s/files/1/0864/3615/1593/files/72.jpg?v=1712220601,lb,,599.00,true,,,true,,,active
cotton-yoga-blanket,,,,,,,,,Khaki,,,,,abccd-16,0.0,shopify,15,deny,manual,589.00,599.00,true,true,,https://cdn.shopify.com/s/files/1/0864/3615/1593/files/73.jpg?v=1712220602,2,"",,,,,,,,,,,,,,,https://cdn.shopify.com/s/files/1/0864/3615/1593/files/77.jpg?v=1712220600,lb,,599.00,,,,,,,
cotton-yoga-blanket,,,,,,,,,Lavender,,,,,abccd-14,0.0,shopify,20,deny,manual,269.00,599.00,true,true,,https://cdn.shopify.com/s/files/1/0864/3615/1593/files/74.jpg?v=1712220602,3,"",,,,,,,,,,,,,,,https://cdn.shopify.com/s/files/1/0864/3615/1593/files/74.jpg?v=1712220602,lb,,599.00,,,,,,,
cotton-yoga-blanket,,,,,,,,,,,,,,,,,,,,,,,,,https://cdn.shopify.com/s/files/1/0864/3615/1593/files/75.jpg?v=1712220600,4,"",,,,,,,,,,,,,,,,,,,,,,,,,
cotton-yoga-blanket,,,,,,,,,,,,,,,,,,,,,,,,,https://cdn.shopify.com/s/files/1/0864/3615/1593/files/76.jpg?v=1712220601,5,"",,,,,,,,,,,,,,,,,,,,,,,,,
cotton-yoga-blanket,,,,,,,,,,,,,,,,,,,,,,,,,https://cdn.shopify.com/s/files/1/0864/3615/1593/files/77.jpg?v=1712220600,6,"",,,,,,,,,,,,,,,,,,,,,,,,,
fleece-yoga-blanket,Fleece yoga blanket,"<div class=""more-description"">
<h2>More Detail</h2>
<ul>
<li>
<p>Lorem Ipsum is simply dummy text of the printing and typesetting industry</p>
</li>
<li>
<p>Lorem Ipsum has been the ‘s standard dummy text. Lorem Ipsumum is simply dummy text.</p>
</li>
<li>
<p>type here your detail one by one li more add</p>
</li>
<li>
<p>has been the industry’s standard dummy text ever since. Lorem Ips</p>
</li>
<li>
<p>Lorem Ipsum is simply dummy text of the printing and typesetting industry.</p>
</li>
<li>
<p>Lorem Ipsum is simply dummy text of the printing and typesetting industry. Lorem Ipsum has been the ‘s standard dummy text. Lorem Ipsum has been the industry’s standard dummy text ever since. Lorem Ipsum is simply dummy text.</p>
</li>
</ul>
</div>
<div class=""more-description"">
<h2>Key Specification</h2>
<ul>
<li>
<p>Lorem Ipsum is simply dummy text of the printing and typesetting industry</p>
</li>
<li>
<p>Lorem Ipsum has been the ‘s standard dummy text. Lorem Ipsumum is simply dummy text.</p>
</li>
<li>
<p>type here your detail one by one li more add</p>
</li>
<li>
<p>has been the industry’s standard dummy text ever since. Lorem Ips</p>
</li>
<li>
<p>Lorem Ipsum is simply dummy text of the printing and typesetting industry.</p>
</li>
<li>
<p>Lorem Ipsum is simply dummy text of the printing and typesetting industry. Lorem Ipsum has been the ‘s standard dummy text. Lorem Ipsum has been the industry’s standard dummy text ever since. Lorem Ipsum is simply dummy text.</p>
</li>
<li>
<p>Lorem Ipsum is simply dummy text of the printing and typesetting industry. Lorem Ipsum has been the ‘s standard dummy text. Lorem Ipsum has been the industry’s standard dummy text ever since. Lorem Ipsum is simply dummy text.</p>
</li>
</ul>
</div>",Yogolf,Sporting Goods > Exercise & Fitness > Yoga & Pilates > Yoga & Pilates Mats,Yoga,"darkturquoise, khaki, steelblue, yoga, yogolf",true,Color,Darkturquoise,,,,,abccd-15,0.0,shopify,28,deny,manual,345.00,,true,true,,https://cdn.shopify.com/s/files/1/0864/3615/1593/files/66.jpg?v=1712220121,1,"",false,,,,,,,,,,,,,,https://cdn.shopify.com/s/files/1/0864/3615/1593/files/66.jpg?v=1712220121,lb,,349.00,true,,,true,,,active
fleece-yoga-blanket,,,,,,,,,Steelblue,,,,,abccd-19,0.0,shopify,66,deny,manual,325.00,,true,true,,https://cdn.shopify.com/s/files/1/0864/3615/1593/files/67.jpg?v=1712220121,2,"",,,,,,,,,,,,,,,https://cdn.shopify.com/s/files/1/0864/3615/1593/files/71.jpg?v=1712220121,lb,,349.00,,,,,,,
fleece-yoga-blanket,,,,,,,,,Khaki,,,,,abccd-17,0.0,shopify,44,deny,manual,329.00,,true,true,,https://cdn.shopify.com/s/files/1/0864/3615/1593/files/69.jpg?v=1712220121,3,"",,,,,,,,,,,,,,,https://cdn.shopify.com/s/files/1/0864/3615/1593/files/69.jpg?v=1712220121,lb,,349.00,,,,,,,
fleece-yoga-blanket,,,,,,,,,,,,,,,,,,,,,,,,,https://cdn.shopify.com/s/files/1/0864/3615/1593/files/70.jpg?v=1712220121,4,"",,,,,,,,,,,,,,,,,,,,,,,,,
fleece-yoga-blanket,,,,,,,,,,,,,,,,,,,,,,,,,https://cdn.shopify.com/s/files/1/0864/3615/1593/files/68.jpg?v=1712220121,5,"",,,,,,,,,,,,,,,,,,,,,,,,,
fleece-yoga-blanket,,,,,,,,,,,,,,,,,,,,,,,,,https://cdn.shopify.com/s/files/1/0864/3615/1593/files/71.jpg?v=1712220121,6,"",,,,,,,,,,,,,,,,,,,,,,,,,
d-ring-yoga-belt,D-ring yoga belt,"<div class=""more-description"">
<h2>More Detail</h2>
<ul>
<li>
<p>Lorem Ipsum is simply dummy text of the printing and typesetting industry</p>
</li>
<li>
<p>Lorem Ipsum has been the ‘s standard dummy text. Lorem Ipsumum is simply dummy text.</p>
</li>
<li>
<p>type here your detail one by one li more add</p>
</li>
<li>
<p>has been the industry’s standard dummy text ever since. Lorem Ips</p>
</li>
<li>
<p>Lorem Ipsum is simply dummy text of the printing and typesetting industry.</p>
</li>
<li>
<p>Lorem Ipsum is simply dummy text of the printing and typesetting industry. Lorem Ipsum has been the ‘s standard dummy text. Lorem Ipsum has been the industry’s standard dummy text ever since. Lorem Ipsum is simply dummy text.</p>
</li>
</ul>
</div>
<div class=""more-description"">
<h2>Key Specification</h2>
<ul>
<li>
<p>Lorem Ipsum is simply dummy text of the printing and typesetting industry</p>
</li>
<li>
<p>Lorem Ipsum has been the ‘s standard dummy text. Lorem Ipsumum is simply dummy text.</p>
</li>
<li>
<p>type here your detail one by one li more add</p>
</li>
<li>
<p>has been the industry’s standard dummy text ever since. Lorem Ips</p>
</li>
<li>
<p>Lorem Ipsum is simply dummy text of the printing and typesetting industry.</p>
</li>
<li>
<p>Lorem Ipsum is simply dummy text of the printing and typesetting industry. Lorem Ipsum has been the ‘s standard dummy text. Lorem Ipsum has been the industry’s standard dummy text ever since. Lorem Ipsum is simply dummy text.</p>
</li>
<li>
<p>Lorem Ipsum is simply dummy text of the printing and typesetting industry. Lorem Ipsum has been the ‘s standard dummy text. Lorem Ipsum has been the industry’s standard dummy text ever since. Lorem Ipsum is simply dummy text.</p>
</li>
</ul>
</div>",Yogolf,Sporting Goods > Exercise & Fitness > Yoga & Pilates > Yoga & Pilates Mats,Yoga,"cadetblue, lavender, powderblue, yoga, yogolf",true,Color,Lavender,,,,,abccd-11,0.0,shopify,33,deny,manual,321.00,,true,true,,https://cdn.shopify.com/s/files/1/0864/3615/1593/files/61.jpg?v=1712219823,1,"",false,,,,,,,,,,,,,,https://cdn.shopify.com/s/files/1/0864/3615/1593/files/61.jpg?v=1712219823,lb,,325.00,true,,,true,,,active
d-ring-yoga-belt,,,,,,,,,Powderblue,,,,,abccd-13,0.0,shopify,30,deny,manual,299.00,,true,true,,https://cdn.shopify.com/s/files/1/0864/3615/1593/files/60.jpg?v=1712219823,2,"",,,,,,,,,,,,,,,https://cdn.shopify.com/s/files/1/0864/3615/1593/files/65.jpg?v=1712219817,lb,,325.00,,,,,,,
d-ring-yoga-belt,,,,,,,,,Cadetblue,,,,,abccd-12,0.0,shopify,24,deny,manual,319.00,,true,true,,https://cdn.shopify.com/s/files/1/0864/3615/1593/files/62.jpg?v=1712219817,3,"",,,,,,,,,,,,,,,https://cdn.shopify.com/s/files/1/0864/3615/1593/files/62.jpg?v=1712219817,lb,,325.00,,,,,,,
d-ring-yoga-belt,,,,,,,,,,,,,,,,,,,,,,,,,https://cdn.shopify.com/s/files/1/0864/3615/1593/files/63.jpg?v=1712219817,4,"",,,,,,,,,,,,,,,,,,,,,,,,,
d-ring-yoga-belt,,,,,,,,,,,,,,,,,,,,,,,,,https://cdn.shopify.com/s/files/1/0864/3615/1593/files/64.jpg?v=1712219817,5,"",,,,,,,,,,,,,,,,,,,,,,,,,
d-ring-yoga-belt,,,,,,,,,,,,,,,,,,,,,,,,,https://cdn.shopify.com/s/files/1/0864/3615/1593/files/65.jpg?v=1712219817,6,"",,,,,,,,,,,,,,,,,,,,,,,,,
yoga-block,Yoga block,"<div class=""more-description"">
<h2>More Detail</h2>
<ul>
<li>
<p>Lorem Ipsum is simply dummy text of the printing and typesetting industry</p>
</li>
<li>
<p>Lorem Ipsum has been the ‘s standard dummy text. Lorem Ipsumum is simply dummy text.</p>
</li>
<li>
<p>type here your detail one by one li more add</p>
</li>
<li>
<p>has been the industry’s standard dummy text ever since. Lorem Ips</p>
</li>
<li>
<p>Lorem Ipsum is simply dummy text of the printing and typesetting industry.</p>
</li>
<li>
<p>Lorem Ipsum is simply dummy text of the printing and typesetting industry. Lorem Ipsum has been the ‘s standard dummy text. Lorem Ipsum has been the industry’s standard dummy text ever since. Lorem Ipsum is simply dummy text.</p>
</li>
</ul>
</div>
<div class=""more-description"">
<h2>Key Specification</h2>
<ul>
<li>
<p>Lorem Ipsum is simply dummy text of the printing and typesetting industry</p>
</li>
<li>
<p>Lorem Ipsum has been the ‘s standard dummy text. Lorem Ipsumum is simply dummy text.</p>
</li>
<li>
<p>type here your detail one by one li more add</p>
</li>
<li>
<p>has been the industry’s standard dummy text ever since. Lorem Ips</p>
</li>
<li>
<p>Lorem Ipsum is simply dummy text of the printing and typesetting industry.</p>
</li>
<li>
<p>Lorem Ipsum is simply dummy text of the printing and typesetting industry. Lorem Ipsum has been the ‘s standard dummy text. Lorem Ipsum has been the industry’s standard dummy text ever since. Lorem Ipsum is simply dummy text.</p>
</li>
<li>
<p>Lorem Ipsum is simply dummy text of the printing and typesetting industry. Lorem Ipsum has been the ‘s standard dummy text. Lorem Ipsum has been the industry’s standard dummy text ever since. Lorem Ipsum is simply dummy text.</p>
</li>
</ul>
</div>",Yogolf,Sporting Goods > Exercise & Fitness > Yoga & Pilates > Yoga & Pilates Mats,Yoga,"chocolate, gold, slateblue, yoga, yogolf",true,Color,Gold,,,,,abccd-15,0.0,shopify,11,deny,manual,389.00,,true,true,"",https://cdn.shopify.com/s/files/1/0864/3615/1593/files/54.jpg?v=1712219567,1,"",false,,,,,,,,,,,,,,https://cdn.shopify.com/s/files/1/0864/3615/1593/files/54.jpg?v=1712219567,lb,,399.00,true,,,true,,,active
yoga-block,,,,,,,,,Chocolate,,,,,abccd-19,0.0,shopify,65,deny,manual,375.00,,true,true,"",https://cdn.shopify.com/s/files/1/0864/3615/1593/files/55.jpg?v=1712219567,2,"",,,,,,,,,,,,,,,https://cdn.shopify.com/s/files/1/0864/3615/1593/files/59.jpg?v=1712219567,lb,,399.00,,,,,,,
yoga-block,,,,,,,,,Slateblue,,,,,abccd-17,0.0,shopify,22,deny,manual,379.00,,true,true,"",https://cdn.shopify.com/s/files/1/0864/3615/1593/files/56.jpg?v=1712219567,3,"",,,,,,,,,,,,,,,https://cdn.shopify.com/s/files/1/0864/3615/1593/files/56.jpg?v=1712219567,lb,,399.00,,,,,,,
yoga-block,,,,,,,,,,,,,,,,,,,,,,,,,https://cdn.shopify.com/s/files/1/0864/3615/1593/files/57.jpg?v=1712219567,4,"",,,,,,,,,,,,,,,,,,,,,,,,,
yoga-block,,,,,,,,,,,,,,,,,,,,,,,,,https://cdn.shopify.com/s/files/1/0864/3615/1593/files/58.jpg?v=1712219567,5,"",,,,,,,,,,,,,,,,,,,,,,,,,
yoga-block,,,,,,,,,,,,,,,,,,,,,,,,,https://cdn.shopify.com/s/files/1/0864/3615/1593/files/59.jpg?v=1712219567,6,"",,,,,,,,,,,,,,,,,,,,,,,,,
cork-brick-mandala,Cork brick mandala,"<div class=""more-description"">
<h2>More Detail</h2>
<ul>
<li>
<p>Lorem Ipsum is simply dummy text of the printing and typesetting industry</p>
</li>
<li>
<p>Lorem Ipsum has been the ‘s standard dummy text. Lorem Ipsumum is simply dummy text.</p>
</li>
<li>
<p>type here your detail one by one li more add</p>
</li>
<li>
<p>has been the industry’s standard dummy text ever since. Lorem Ips</p>
</li>
<li>
<p>Lorem Ipsum is simply dummy text of the printing and typesetting industry.</p>
</li>
<li>
<p>Lorem Ipsum is simply dummy text of the printing and typesetting industry. Lorem Ipsum has been the ‘s standard dummy text. Lorem Ipsum has been the industry’s standard dummy text ever since. Lorem Ipsum is simply dummy text.</p>
</li>
</ul>
</div>
<div class=""more-description"">
<h2>Key Specification</h2>
<ul>
<li>
<p>Lorem Ipsum is simply dummy text of the printing and typesetting industry</p>
</li>
<li>
<p>Lorem Ipsum has been the ‘s standard dummy text. Lorem Ipsumum is simply dummy text.</p>
</li>
<li>
<p>type here your detail one by one li more add</p>
</li>
<li>
<p>has been the industry’s standard dummy text ever since. Lorem Ips</p>
</li>
<li>
<p>Lorem Ipsum is simply dummy text of the printing and typesetting industry.</p>
</li>
<li>
<p>Lorem Ipsum is simply dummy text of the printing and typesetting industry. Lorem Ipsum has been the ‘s standard dummy text. Lorem Ipsum has been the industry’s standard dummy text ever since. Lorem Ipsum is simply dummy text.</p>
</li>
<li>
<p>Lorem Ipsum is simply dummy text of the printing and typesetting industry. Lorem Ipsum has been the ‘s standard dummy text. Lorem Ipsum has been the industry’s standard dummy text ever since. Lorem Ipsum is simply dummy text.</p>
</li>
</ul>
</div>",Yogolf,Sporting Goods > Exercise & Fitness > Yoga & Pilates > Yoga & Pilates Mats,Yoga,"burlywood, goldenrod, peru, yoga, yogolf",true,Color,Burlywood,,,,,abccd-16,0.0,shopify,119,deny,manual,267.00,,true,true,,https://cdn.shopify.com/s/files/1/0864/3615/1593/files/49.jpg?v=1712215656,1,"",false,,,,,,,,,,,,,,https://cdn.shopify.com/s/files/1/0864/3615/1593/files/49.jpg?v=1712215656,lb,,279.00,true,,,true,,,active
cork-brick-mandala,,,,,,,,,Goldenrod,,,,,abccd-17,0.0,shopify,50,deny,manual,259.00,,true,true,,https://cdn.shopify.com/s/files/1/0864/3615/1593/files/51.jpg?v=1712215662,2,"",,,,,,,,,,,,,,,https://cdn.shopify.com/s/files/1/0864/3615/1593/files/53.jpg?v=1712215662,lb,,279.00,,,,,,,
cork-brick-mandala,,,,,,,,,Peru,,,,,abccd-18,0.0,shopify,20,deny,manual,270.00,,true,true,,https://cdn.shopify.com/s/files/1/0864/3615/1593/files/52.jpg?v=1712215662,3,"",,,,,,,,,,,,,,,https://cdn.shopify.com/s/files/1/0864/3615/1593/files/52.jpg?v=1712215662,lb,,279.00,,,,,,,
cork-brick-mandala,,,,,,,,,,,,,,,,,,,,,,,,,https://cdn.shopify.com/s/files/1/0864/3615/1593/files/50.jpg?v=1712215662,4,"",,,,,,,,,,,,,,,,,,,,,,,,,
cork-brick-mandala,,,,,,,,,,,,,,,,,,,,,,,,,https://cdn.shopify.com/s/files/1/0864/3615/1593/files/53.jpg?v=1712215662,5,"",,,,,,,,,,,,,,,,,,,,,,,,,
cork-recovery-kit,Cork recovery kit,"<div class=""more-description"">
<h2>More Detail</h2>
<ul>
<li>
<p>Lorem Ipsum is simply dummy text of the printing and typesetting industry</p>
</li>
<li>
<p>Lorem Ipsum has been the ‘s standard dummy text. Lorem Ipsumum is simply dummy text.</p>
</li>
<li>
<p>type here your detail one by one li more add</p>
</li>
<li>
<p>has been the industry’s standard dummy text ever since. Lorem Ips</p>
</li>
<li>
<p>Lorem Ipsum is simply dummy text of the printing and typesetting industry.</p>
</li>
<li>
<p>Lorem Ipsum is simply dummy text of the printing and typesetting industry. Lorem Ipsum has been the ‘s standard dummy text. Lorem Ipsum has been the industry’s standard dummy text ever since. Lorem Ipsum is simply dummy text.</p>
</li>
</ul>
</div>
<div class=""more-description"">
<h2>Key Specification</h2>
<ul>
<li>
<p>Lorem Ipsum is simply dummy text of the printing and typesetting industry</p>
</li>
<li>
<p>Lorem Ipsum has been the ‘s standard dummy text. Lorem Ipsumum is simply dummy text.</p>
</li>
<li>
<p>type here your detail one by one li more add</p>
</li>
<li>
<p>has been the industry’s standard dummy text ever since. Lorem Ips</p>
</li>
<li>
<p>Lorem Ipsum is simply dummy text of the printing and typesetting industry.</p>
</li>
<li>
<p>Lorem Ipsum is simply dummy text of the printing and typesetting industry. Lorem Ipsum has been the ‘s standard dummy text. Lorem Ipsum has been the industry’s standard dummy text ever since. Lorem Ipsum is simply dummy text.</p>
</li>
<li>
<p>Lorem Ipsum is simply dummy text of the printing and typesetting industry. Lorem Ipsum has been the ‘s standard dummy text. Lorem Ipsum has been the industry’s standard dummy text ever since. Lorem Ipsum is simply dummy text.</p>
</li>
</ul>
</div>",Yogolf,Sporting Goods > Exercise & Fitness > Yoga & Pilates > Yoga & Pilates Mats,Yoga,"black, burlywood, wheat, yoga, yogolf",true,Color,Wheat,,,,,abccd-16,0.0,shopify,62,deny,manual,125.00,149.00,true,true,,https://cdn.shopify.com/s/files/1/0864/3615/1593/files/44.jpg?v=1712215455,1,"",false,,,,,,,,,,,,,,https://cdn.shopify.com/s/files/1/0864/3615/1593/files/44.jpg?v=1712215455,lb,,149.00,true,,,true,,,active
cork-recovery-kit,,,,,,,,,Burlywood,,,,,abccd-18,0.0,shopify,99,deny,manual,135.00,149.00,true,true,,https://cdn.shopify.com/s/files/1/0864/3615/1593/files/45.jpg?v=1712215455,2,"",,,,,,,,,,,,,,,https://cdn.shopify.com/s/files/1/0864/3615/1593/files/48.jpg?v=1712215455,lb,,149.00,,,,,,,
cork-recovery-kit,,,,,,,,,Black,,,,,abccd-19,0.0,shopify,72,deny,manual,145.00,149.00,true,true,,https://cdn.shopify.com/s/files/1/0864/3615/1593/files/46.jpg?v=1712215455,3,"",,,,,,,,,,,,,,,https://cdn.shopify.com/s/files/1/0864/3615/1593/files/46.jpg?v=1712215455,lb,,149.00,,,,,,,
cork-recovery-kit,,,,,,,,,,,,,,,,,,,,,,,,,https://cdn.shopify.com/s/files/1/0864/3615/1593/files/47.jpg?v=1712215455,4,"",,,,,,,,,,,,,,,,,,,,,,,,,
cork-recovery-kit,,,,,,,,,,,,,,,,,,,,,,,,,https://cdn.shopify.com/s/files/1/0864/3615/1593/files/48.jpg?v=1712215455,5,"",,,,,,,,,,,,,,,,,,,,,,,,,
yoga-brick-box,Yoga brick - box,"<div class=""more-description"">
<h2>More Detail</h2>
<ul>
<li>
<p>Lorem Ipsum is simply dummy text of the printing and typesetting industry</p>
</li>
<li>
<p>Lorem Ipsum has been the ‘s standard dummy text. Lorem Ipsumum is simply dummy text.</p>
</li>
<li>
<p>type here your detail one by one li more add</p>
</li>
<li>
<p>has been the industry’s standard dummy text ever since. Lorem Ips</p>
</li>
<li>
<p>Lorem Ipsum is simply dummy text of the printing and typesetting industry.</p>
</li>
<li>
<p>Lorem Ipsum is simply dummy text of the printing and typesetting industry. Lorem Ipsum has been the ‘s standard dummy text. Lorem Ipsum has been the industry’s standard dummy text ever since. Lorem Ipsum is simply dummy text.</p>
</li>
</ul>
</div>
<div class=""more-description"">
<h2>Key Specification</h2>
<ul>
<li>
<p>Lorem Ipsum is simply dummy text of the printing and typesetting industry</p>
</li>
<li>
<p>Lorem Ipsum has been the ‘s standard dummy text. Lorem Ipsumum is simply dummy text.</p>
</li>
<li>
<p>type here your detail one by one li more add</p>
</li>
<li>
<p>has been the industry’s standard dummy text ever since. Lorem Ips</p>
</li>
<li>
<p>Lorem Ipsum is simply dummy text of the printing and typesetting industry.</p>
</li>
<li>
<p>Lorem Ipsum is simply dummy text of the printing and typesetting industry. Lorem Ipsum has been the ‘s standard dummy text. Lorem Ipsum has been the industry’s standard dummy text ever since. Lorem Ipsum is simply dummy text.</p>
</li>
<li>
<p>Lorem Ipsum is simply dummy text of the printing and typesetting industry. Lorem Ipsum has been the ‘s standard dummy text. Lorem Ipsum has been the industry’s standard dummy text ever since. Lorem Ipsum is simply dummy text.</p>
</li>
</ul>
</div>",Yogolf,Sporting Goods > Exercise & Fitness > Yoga & Pilates > Yoga & Pilates Mats,Yoga,"coral, navy, steelblue, yoga, yogolf",true,Color,Steelblue,,,,,abccd-16,0.0,shopify,89,deny,manual,245.00,,true,true,,https://cdn.shopify.com/s/files/1/0864/3615/1593/files/38.jpg?v=1712211448,1,"",false,,,,,,,,,,,,,,https://cdn.shopify.com/s/files/1/0864/3615/1593/files/38.jpg?v=1712211448,lb,,249.00,true,,,true,,,active
yoga-brick-box,,,,,,,,,Navy,,,,,abccd-17,0.0,shopify,65,deny,manual,229.00,,true,true,,https://cdn.shopify.com/s/files/1/0864/3615/1593/files/39.jpg?v=1712211448,2,"",,,,,,,,,,,,,,,https://cdn.shopify.com/s/files/1/0864/3615/1593/files/42.jpg?v=1712211441,lb,,249.00,,,,,,,
yoga-brick-box,,,,,,,,,Coral,,,,,abccd-14,0.0,shopify,31,deny,manual,219.00,,true,true,,https://cdn.shopify.com/s/files/1/0864/3615/1593/files/40.jpg?v=1712211448,3,"",,,,,,,,,,,,,,,https://cdn.shopify.com/s/files/1/0864/3615/1593/files/40.jpg?v=1712211448,lb,,249.00,,,,,,,
yoga-brick-box,,,,,,,,,,,,,,,,,,,,,,,,,https://cdn.shopify.com/s/files/1/0864/3615/1593/files/41.jpg?v=1712211448,4,"",,,,,,,,,,,,,,,,,,,,,,,,,
yoga-brick-box,,,,,,,,,,,,,,,,,,,,,,,,,https://cdn.shopify.com/s/files/1/0864/3615/1593/files/43.jpg?v=1712211448,5,"",,,,,,,,,,,,,,,,,,,,,,,,,
yoga-brick-box,,,,,,,,,,,,,,,,,,,,,,,,,https://cdn.shopify.com/s/files/1/0864/3615/1593/files/42.jpg?v=1712211441,6,"",,,,,,,,,,,,,,,,,,,,,,,,,
rectangular-bolster,Rectangular bolster,"<div class=""more-description"">
<h2>More Detail</h2>
<ul>
<li>
<p>Lorem Ipsum is simply dummy text of the printing and typesetting industry</p>
</li>
<li>
<p>Lorem Ipsum has been the ‘s standard dummy text. Lorem Ipsumum is simply dummy text.</p>
</li>
<li>
<p>type here your detail one by one li more add</p>
</li>
<li>
<p>has been the industry’s standard dummy text ever since. Lorem Ips</p>
</li>
<li>
<p>Lorem Ipsum is simply dummy text of the printing and typesetting industry.</p>
</li>
<li>
<p>Lorem Ipsum is simply dummy text of the printing and typesetting industry. Lorem Ipsum has been the ‘s standard dummy text. Lorem Ipsum has been the industry’s standard dummy text ever since. Lorem Ipsum is simply dummy text.</p>
</li>
</ul>
</div>
<div class=""more-description"">
<h2>Key Specification</h2>
<ul>
<li>
<p>Lorem Ipsum is simply dummy text of the printing and typesetting industry</p>
</li>
<li>
<p>Lorem Ipsum has been the ‘s standard dummy text. Lorem Ipsumum is simply dummy text.</p>
</li>
<li>
<p>type here your detail one by one li more add</p>
</li>
<li>
<p>has been the industry’s standard dummy text ever since. Lorem Ips</p>
</li>
<li>
<p>Lorem Ipsum is simply dummy text of the printing and typesetting industry.</p>
</li>
<li>
<p>Lorem Ipsum is simply dummy text of the printing and typesetting industry. Lorem Ipsum has been the ‘s standard dummy text. Lorem Ipsum has been the industry’s standard dummy text ever since. Lorem Ipsum is simply dummy text.</p>
</li>
<li>
<p>Lorem Ipsum is simply dummy text of the printing and typesetting industry. Lorem Ipsum has been the ‘s standard dummy text. Lorem Ipsum has been the industry’s standard dummy text ever since. Lorem Ipsum is simply dummy text.</p>
</li>
</ul>
</div>",Yogolf,Sporting Goods > Exercise & Fitness > Yoga & Pilates > Yoga & Pilates Mats,Yoga,"purple, steelblue, wheat, yoga, yogolf",true,Color,Wheat,,,,,abccd-17,0.0,shopify,89,deny,manual,339.00,,true,true,"",https://cdn.shopify.com/s/files/1/0864/3615/1593/files/31.jpg?v=1712211055,1,"",false,,,,,,,,,,,,,,https://cdn.shopify.com/s/files/1/0864/3615/1593/files/31.jpg?v=1712211055,lb,,349.00,true,,,true,,,active
rectangular-bolster,,,,,,,,,Steelblue,,,,,abccd-16,0.0,shopify,25,deny,manual,315.00,,true,true,,https://cdn.shopify.com/s/files/1/0864/3615/1593/files/32.jpg?v=1712211053,2,"",,,,,,,,,,,,,,,https://cdn.shopify.com/s/files/1/0864/3615/1593/files/36.jpg?v=1712211053,lb,,349.00,,,,,,,
rectangular-bolster,,,,,,,,,Purple,,,,,abccd-18,0.0,shopify,79,deny,manual,325.00,,true,true,,https://cdn.shopify.com/s/files/1/0864/3615/1593/files/33.jpg?v=1712211053,3,"",,,,,,,,,,,,,,,https://cdn.shopify.com/s/files/1/0864/3615/1593/files/34.jpg?v=1712211054,lb,,349.00,,,,,,,
rectangular-bolster,,,,,,,,,,,,,,,,,,,,,,,,,https://cdn.shopify.com/s/files/1/0864/3615/1593/files/34.jpg?v=1712211054,4,"",,,,,,,,,,,,,,,,,,,,,,,,,
rectangular-bolster,,,,,,,,,,,,,,,,,,,,,,,,,https://cdn.shopify.com/s/files/1/0864/3615/1593/files/35.jpg?v=1712211054,5,"",,,,,,,,,,,,,,,,,,,,,,,,,
rectangular-bolster,,,,,,,,,,,,,,,,,,,,,,,,,https://cdn.shopify.com/s/files/1/0864/3615/1593/files/36.jpg?v=1712211053,6,"",,,,,,,,,,,,,,,,,,,,,,,,,
rectangular-bolster,,,,,,,,,,,,,,,,,,,,,,,,,https://cdn.shopify.com/s/files/1/0864/3615/1593/files/37.jpg?v=1712211054,7,"",,,,,,,,,,,,,,,,,,,,,,,,,
ikat-bolster,Ikat bolster,"<div class=""more-description"">
<h2>More Detail</h2>
<ul>
<li>
<p>Lorem Ipsum is simply dummy text of the printing and typesetting industry</p>
</li>
<li>
<p>Lorem Ipsum has been the ‘s standard dummy text. Lorem Ipsumum is simply dummy text.</p>
</li>
<li>
<p>type here your detail one by one li more add</p>
</li>
<li>
<p>has been the industry’s standard dummy text ever since. Lorem Ips</p>
</li>
<li>
<p>Lorem Ipsum is simply dummy text of the printing and typesetting industry.</p>
</li>
<li>
<p>Lorem Ipsum is simply dummy text of the printing and typesetting industry. Lorem Ipsum has been the ‘s standard dummy text. Lorem Ipsum has been the industry’s standard dummy text ever since. Lorem Ipsum is simply dummy text.</p>
</li>
</ul>
</div>
<div class=""more-description"">
<h2>Key Specification</h2>
<ul>
<li>
<p>Lorem Ipsum is simply dummy text of the printing and typesetting industry</p>
</li>
<li>
<p>Lorem Ipsum has been the ‘s standard dummy text. Lorem Ipsumum is simply dummy text.</p>
</li>
<li>
<p>type here your detail one by one li more add</p>
</li>
<li>
<p>has been the industry’s standard dummy text ever since. Lorem Ips</p>
</li>
<li>
<p>Lorem Ipsum is simply dummy text of the printing and typesetting industry.</p>
</li>
<li>
<p>Lorem Ipsum is simply dummy text of the printing and typesetting industry. Lorem Ipsum has been the ‘s standard dummy text. Lorem Ipsum has been the industry’s standard dummy text ever since. Lorem Ipsum is simply dummy text.</p>
</li>
<li>
<p>Lorem Ipsum is simply dummy text of the printing and typesetting industry. Lorem Ipsum has been the ‘s standard dummy text. Lorem Ipsum has been the industry’s standard dummy text ever since. Lorem Ipsum is simply dummy text.</p>
</li>
</ul>
</div>",Yogolf,Sporting Goods > Exercise & Fitness > Yoga & Pilates > Yoga & Pilates Mats,Yoga,"yoga, yogolf",true,Color,Wheat,,,,,abccd-17,0.0,shopify,22,deny,manual,269.00,299.00,true,true,,https://cdn.shopify.com/s/files/1/0864/3615/1593/files/27.jpg?v=1712210875,1,"",false,,,,,,,,,,,,,,https://cdn.shopify.com/s/files/1/0864/3615/1593/files/27.jpg?v=1712210875,lb,,299.00,true,,,true,,,active
ikat-bolster,,,,,,,,,Black,,,,,abccd-18,0.0,shopify,72,deny,manual,275.00,299.00,true,true,,https://cdn.shopify.com/s/files/1/0864/3615/1593/files/28.jpg?v=1712210875,2,"",,,,,,,,,,,,,,,https://cdn.shopify.com/s/files/1/0864/3615/1593/files/30.jpg?v=1712210875,lb,,299.00,,,,,,,
ikat-bolster,,,,,,,,,Silver,,,,,abccd-16,0.0,shopify,26,deny,manual,279.00,299.00,true,true,,https://cdn.shopify.com/s/files/1/0864/3615/1593/files/29.jpg?v=1712210875,3,"",,,,,,,,,,,,,,,https://cdn.shopify.com/s/files/1/0864/3615/1593/files/29.jpg?v=1712210875,lb,,299.00,,,,,,,
ikat-bolster,,,,,,,,,,,,,,,,,,,,,,,,,https://cdn.shopify.com/s/files/1/0864/3615/1593/files/25_a3c3c303-aad3-451b-912a-7f657ce05aae.jpg?v=1712210875,4,"",,,,,,,,,,,,,,,,,,,,,,,,,
ikat-bolster,,,,,,,,,,,,,,,,,,,,,,,,,https://cdn.shopify.com/s/files/1/0864/3615/1593/files/30.jpg?v=1712210875,5,"",,,,,,,,,,,,,,,,,,,,,,,,,
organic-cotton-bolster,Organic cotton bolster,"<div class=""more-description"">
<h2>More Detail</h2>
<ul>
<li>
<p>Lorem Ipsum is simply dummy text of the printing and typesetting industry</p>
</li>
<li>
<p>Lorem Ipsum has been the ‘s standard dummy text. Lorem Ipsumum is simply dummy text.</p>
</li>
<li>
<p>type here your detail one by one li more add</p>
</li>
<li>
<p>has been the industry’s standard dummy text ever since. Lorem Ips</p>
</li>
<li>
<p>Lorem Ipsum is simply dummy text of the printing and typesetting industry.</p>
</li>
<li>
<p>Lorem Ipsum is simply dummy text of the printing and typesetting industry. Lorem Ipsum has been the ‘s standard dummy text. Lorem Ipsum has been the industry’s standard dummy text ever since. Lorem Ipsum is simply dummy text.</p>
</li>
</ul>
</div>
<div class=""more-description"">
<h2>Key Specification</h2>
<ul>
<li>
<p>Lorem Ipsum is simply dummy text of the printing and typesetting industry</p>
</li>
<li>
<p>Lorem Ipsum has been the ‘s standard dummy text. Lorem Ipsumum is simply dummy text.</p>
</li>
<li>
<p>type here your detail one by one li more add</p>
</li>
<li>
<p>has been the industry’s standard dummy text ever since. Lorem Ips</p>
</li>
<li>
<p>Lorem Ipsum is simply dummy text of the printing and typesetting industry.</p>
</li>
<li>
<p>Lorem Ipsum is simply dummy text of the printing and typesetting industry. Lorem Ipsum has been the ‘s standard dummy text. Lorem Ipsum has been the industry’s standard dummy text ever since. Lorem Ipsum is simply dummy text.</p>
</li>
<li>
<p>Lorem Ipsum is simply dummy text of the printing and typesetting industry. Lorem Ipsum has been the ‘s standard dummy text. Lorem Ipsum has been the industry’s standard dummy text ever since. Lorem Ipsum is simply dummy text.</p>
</li>
</ul>
</div>",Yogolf,Sporting Goods > Exercise & Fitness > Yoga & Pilates > Yoga & Pilates Mats,Yoga,"cadetblue, purple, steelblue, yoga, yogolf",true,Color,Cadetblue,,,,,abccd-16,0.0,shopify,26,deny,manual,279.00,299.00,true,true,,https://cdn.shopify.com/s/files/1/0864/3615/1593/files/21.jpg?v=1712210667,1,"",false,,,,,,,,,,,,,,https://cdn.shopify.com/s/files/1/0864/3615/1593/files/21.jpg?v=1712210667,lb,,299.00,true,,,true,,,active
organic-cotton-bolster,,,,,,,,,Steelblue,,,,,abccd-18,0.0,shopify,22,deny,manual,269.00,299.00,true,true,,https://cdn.shopify.com/s/files/1/0864/3615/1593/files/22.jpg?v=1712210667,2,"",,,,,,,,,,,,,,,https://cdn.shopify.com/s/files/1/0864/3615/1593/files/25.jpg?v=1712210665,lb,,299.00,,,,,,,
organic-cotton-bolster,,,,,,,,,Purple,,,,,abccd-19,0.0,shopify,72,deny,manual,275.00,299.00,true,true,,https://cdn.shopify.com/s/files/1/0864/3615/1593/files/26.jpg?v=1712210667,3,"",,,,,,,,,,,,,,,https://cdn.shopify.com/s/files/1/0864/3615/1593/files/23.jpg?v=1712210664,lb,,299.00,,,,,,,
organic-cotton-bolster,,,,,,,,,,,,,,,,,,,,,,,,,https://cdn.shopify.com/s/files/1/0864/3615/1593/files/23.jpg?v=1712210664,4,"",,,,,,,,,,,,,,,,,,,,,,,,,
organic-cotton-bolster,,,,,,,,,,,,,,,,,,,,,,,,,https://cdn.shopify.com/s/files/1/0864/3615/1593/files/24.jpg?v=1712210664,5,"",,,,,,,,,,,,,,,,,,,,,,,,,
organic-cotton-bolster,,,,,,,,,,,,,,,,,,,,,,,,,https://cdn.shopify.com/s/files/1/0864/3615/1593/files/25.jpg?v=1712210665,6,"",,,,,,,,,,,,,,,,,,,,,,,,,
buckwheat-bolster,Buckwheat bolster,"<div class=""more-description"">
<h2>More Detail</h2>
<ul>
<li>
<p>Lorem Ipsum is simply dummy text of the printing and typesetting industry</p>
</li>
<li>
<p>Lorem Ipsum has been the ‘s standard dummy text. Lorem Ipsumum is simply dummy text.</p>
</li>
<li>
<p>type here your detail one by one li more add</p>
</li>
<li>
<p>has been the industry’s standard dummy text ever since. Lorem Ips</p>
</li>
<li>
<p>Lorem Ipsum is simply dummy text of the printing and typesetting industry.</p>
</li>
<li>
<p>Lorem Ipsum is simply dummy text of the printing and typesetting industry. Lorem Ipsum has been the ‘s standard dummy text. Lorem Ipsum has been the industry’s standard dummy text ever since. Lorem Ipsum is simply dummy text.</p>
</li>
</ul>
</div>
<div class=""more-description"">
<h2>Key Specification</h2>
<ul>
<li>
<p>Lorem Ipsum is simply dummy text of the printing and typesetting industry</p>
</li>
<li>
<p>Lorem Ipsum has been the ‘s standard dummy text. Lorem Ipsumum is simply dummy text.</p>
</li>
<li>
<p>type here your detail one by one li more add</p>
</li>
<li>
<p>has been the industry’s standard dummy text ever since. Lorem Ips</p>
</li>
<li>
<p>Lorem Ipsum is simply dummy text of the printing and typesetting industry.</p>
</li>
<li>
<p>Lorem Ipsum is simply dummy text of the printing and typesetting industry. Lorem Ipsum has been the ‘s standard dummy text. Lorem Ipsum has been the industry’s standard dummy text ever since. Lorem Ipsum is simply dummy text.</p>
</li>
<li>
<p>Lorem Ipsum is simply dummy text of the printing and typesetting industry. Lorem Ipsum has been the ‘s standard dummy text. Lorem Ipsum has been the industry’s standard dummy text ever since. Lorem Ipsum is simply dummy text.</p>
</li>
</ul>
</div>",Yogolf,Sporting Goods > Exercise & Fitness > Yoga & Pilates > Yoga & Pilates Mats,Yoga,"darkkhaki, lightblue, thistle, yoga, yogolf",true,Color,Darkkhaki,,,,,abccd-15,0.0,shopify,87,deny,manual,341.00,,true,true,,https://cdn.shopify.com/s/files/1/0864/3615/1593/files/20.jpg?v=1712321178,2,"",false,,,,,,,,,,,,,,https://cdn.shopify.com/s/files/1/0864/3615/1593/files/20.jpg?v=1712321178,lb,,399.00,true,,,true,,,active
buckwheat-bolster,,,,,,,,,Thistle,,,,,abccd-17,0.0,shopify,30,deny,manual,374.00,,true,true,,https://cdn.shopify.com/s/files/1/0864/3615/1593/files/15.jpg?v=1712321178,3,"",,,,,,,,,,,,,,,https://cdn.shopify.com/s/files/1/0864/3615/1593/files/19.jpg?v=1712321178,lb,,399.00,,,,,,,
buckwheat-bolster,,,,,,,,,Lightblue,,,,,abccd-19,0.0,shopify,24,deny,manual,369.00,,true,true,,https://cdn.shopify.com/s/files/1/0864/3615/1593/files/16.jpg?v=1712321178,4,"",,,,,,,,,,,,,,,https://cdn.shopify.com/s/files/1/0864/3615/1593/files/16.jpg?v=1712321178,lb,,399.00,,,,,,,
buckwheat-bolster,,,,,,,,,,,,,,,,,,,,,,,,,https://cdn.shopify.com/s/files/1/0864/3615/1593/files/17.jpg?v=1712321178,5,"",,,,,,,,,,,,,,,,,,,,,,,,,
buckwheat-bolster,,,,,,,,,,,,,,,,,,,,,,,,,https://cdn.shopify.com/s/files/1/0864/3615/1593/files/18.jpg?v=1712321178,6,"",,,,,,,,,,,,,,,,,,,,,,,,,
buckwheat-bolster,,,,,,,,,,,,,,,,,,,,,,,,,https://cdn.shopify.com/s/files/1/0864/3615/1593/files/19.jpg?v=1712321178,7,"",,,,,,,,,,,,,,,,,,,,,,,,,
evolve-yoga-mat,Evolve yoga mat,"<div class=""more-description"">
<h2>More Detail</h2>
<ul>
<li>
<p>Lorem Ipsum is simply dummy text of the printing and typesetting industry</p>
</li>
<li>
<p>Lorem Ipsum has been the ‘s standard dummy text. Lorem Ipsumum is simply dummy text.</p>
</li>
<li>
<p>type here your detail one by one li more add</p>
</li>
<li>
<p>has been the industry’s standard dummy text ever since. Lorem Ips</p>
</li>
<li>
<p>Lorem Ipsum is simply dummy text of the printing and typesetting industry.</p>
</li>
<li>
<p>Lorem Ipsum is simply dummy text of the printing and typesetting industry. Lorem Ipsum has been the ‘s standard dummy text. Lorem Ipsum has been the industry’s standard dummy text ever since. Lorem Ipsum is simply dummy text.</p>
</li>
</ul>
</div>
<div class=""more-description"">
<h2>Key Specification</h2>
<ul>
<li>
<p>Lorem Ipsum is simply dummy text of the printing and typesetting industry</p>
</li>
<li>
<p>Lorem Ipsum has been the ‘s standard dummy text. Lorem Ipsumum is simply dummy text.</p>
</li>
<li>
<p>type here your detail one by one li more add</p>
</li>
<li>
<p>has been the industry’s standard dummy text ever since. Lorem Ips</p>
</li>
<li>
<p>Lorem Ipsum is simply dummy text of the printing and typesetting industry.</p>
</li>
<li>
<p>Lorem Ipsum is simply dummy text of the printing and typesetting industry. Lorem Ipsum has been the ‘s standard dummy text. Lorem Ipsum has been the industry’s standard dummy text ever since. Lorem Ipsum is simply dummy text.</p>
</li>
<li>
<p>Lorem Ipsum is simply dummy text of the printing and typesetting industry. Lorem Ipsum has been the ‘s standard dummy text. Lorem Ipsum has been the industry’s standard dummy text ever since. Lorem Ipsum is simply dummy text.</p>
</li>
</ul>
</div>",Yogolf,Sporting Goods > Exercise & Fitness > Yoga & Pilates > Yoga & Pilates Mats,Yoga,"3mm, 4mm, 6mm, coral, lightsalmon, salmon, yoga, yogolf",true,Color,Coral,Size,3mm,,,abccd-19,0.0,shopify,24,deny,manual,369.00,,true,true,,https://cdn.shopify.com/s/files/1/0864/3615/1593/files/10.jpg?v=1712210043,1,"",false,,,,,,,,,,,,,,https://cdn.shopify.com/s/files/1/0864/3615/1593/files/10.jpg?v=1712210043,lb,,399.00,true,,,true,,,active
evolve-yoga-mat,,,,,,,,,Coral,,4mm,,,abccd-18,0.0,shopify,35,deny,manual,345.00,,true,true,,https://cdn.shopify.com/s/files/1/0864/3615/1593/files/11.jpg?v=1712210043,2,"",,,,,,,,,,,,,,,https://cdn.shopify.com/s/files/1/0864/3615/1593/files/10.jpg?v=1712210043,lb,,399.00,,,,,,,
evolve-yoga-mat,,,,,,,,,Coral,,6mm,,,"",0.0,shopify,0,deny,manual,369.00,,true,true,"",https://cdn.shopify.com/s/files/1/0864/3615/1593/files/12.jpg?v=1712210043,3,"",,,,,,,,,,,,,,,https://cdn.shopify.com/s/files/1/0864/3615/1593/files/10.jpg?v=1712210043,lb,,399.00,,,,,,,
evolve-yoga-mat,,,,,,,,,Lightsalmon,,3mm,,,abccd-15,0.0,shopify,87,deny,manual,341.00,,true,true,,https://cdn.shopify.com/s/files/1/0864/3615/1593/files/13.jpg?v=1712210043,4,"",,,,,,,,,,,,,,,https://cdn.shopify.com/s/files/1/0864/3615/1593/files/14.jpg?v=1712210043,lb,,399.00,,,,,,,
evolve-yoga-mat,,,,,,,,,Lightsalmon,,4mm,,,abccd-16,0.0,shopify,64,deny,manual,387.00,,true,true,,https://cdn.shopify.com/s/files/1/0864/3615/1593/files/14.jpg?v=1712210043,5,"",,,,,,,,,,,,,,,https://cdn.shopify.com/s/files/1/0864/3615/1593/files/14.jpg?v=1712210043,lb,,399.00,,,,,,,
evolve-yoga-mat,,,,,,,,,Lightsalmon,,6mm,,,"",0.0,shopify,0,deny,manual,369.00,,true,true,"",,,,,,,,,,,,,,,,,,https://cdn.shopify.com/s/files/1/0864/3615/1593/files/14.jpg?v=1712210043,lb,,399.00,,,,,,,
evolve-yoga-mat,,,,,,,,,Salmon,,3mm,,,abccd-17,0.0,shopify,30,deny,manual,374.00,,true,true,,,,,,,,,,,,,,,,,,,https://cdn.shopify.com/s/files/1/0864/3615/1593/files/12.jpg?v=1712210043,lb,,399.00,,,,,,,
evolve-yoga-mat,,,,,,,,,Salmon,,4mm,,,abccd-20,0.0,shopify,67,deny,manual,359.00,,true,true,,,,,,,,,,,,,,,,,,,https://cdn.shopify.com/s/files/1/0864/3615/1593/files/12.jpg?v=1712210043,lb,,399.00,,,,,,,
evolve-yoga-mat,,,,,,,,,Salmon,,6mm,,,"",0.0,shopify,0,deny,manual,369.00,,true,true,"",,,,,,,,,,,,,,,,,,https://cdn.shopify.com/s/files/1/0864/3615/1593/files/12.jpg?v=1712210043,lb,,399.00,,,,,,,
sticky-yoga-mat,Sticky yoga mat,"<div class=""more-description"">
<h2>More Detail</h2>
<ul>
<li>
<p>Lorem Ipsum is simply dummy text of the printing and typesetting industry</p>
</li>
<li>
<p>Lorem Ipsum has been the ‘s standard dummy text. Lorem Ipsumum is simply dummy text.</p>
</li>
<li>
<p>type here your detail one by one li more add</p>
</li>
<li>
<p>has been the industry’s standard dummy text ever since. Lorem Ips</p>
</li>
<li>
<p>Lorem Ipsum is simply dummy text of the printing and typesetting industry.</p>
</li>
<li>
<p>Lorem Ipsum is simply dummy text of the printing and typesetting industry. Lorem Ipsum has been the ‘s standard dummy text. Lorem Ipsum has been the industry’s standard dummy text ever since. Lorem Ipsum is simply dummy text.</p>
</li>
</ul>
</div>
<div class=""more-description"">
<h2>Key Specification</h2>
<ul>
<li>
<p>Lorem Ipsum is simply dummy text of the printing and typesetting industry</p>
</li>
<li>
<p>Lorem Ipsum has been the ‘s standard dummy text. Lorem Ipsumum is simply dummy text.</p>
</li>
<li>
<p>type here your detail one by one li more add</p>
</li>
<li>
<p>has been the industry’s standard dummy text ever since. Lorem Ips</p>
</li>
<li>
<p>Lorem Ipsum is simply dummy text of the printing and typesetting industry.</p>
</li>
<li>
<p>Lorem Ipsum is simply dummy text of the printing and typesetting industry. Lorem Ipsum has been the ‘s standard dummy text. Lorem Ipsum has been the industry’s standard dummy text ever since. Lorem Ipsum is simply dummy text.</p>
</li>
<li>
<p>Lorem Ipsum is simply dummy text of the printing and typesetting industry. Lorem Ipsum has been the ‘s standard dummy text. Lorem Ipsum has been the industry’s standard dummy text ever since. Lorem Ipsum is simply dummy text.</p>
</li>
</ul>
</div>",Yogolf,Sporting Goods > Exercise & Fitness > Yoga & Pilates > Yoga & Pilates Mats,Yoga,"3mm, 4mm, 6mm, black, pebeccapurple, purple, yoga, yogolf",true,Color,Rebeccapurple,Size,3mm,,,abccd-16,0.0,shopify,32,deny,manual,285.00,,true,true,,https://cdn.shopify.com/s/files/1/0864/3615/1593/files/4_3180ff37-0f97-4cc4-b5b7-4c5fcdd2411b.jpg?v=1712209510,1,"",false,,,,,,,,,,,,,,https://cdn.shopify.com/s/files/1/0864/3615/1593/files/4_3180ff37-0f97-4cc4-b5b7-4c5fcdd2411b.jpg?v=1712209510,lb,,299.00,true,,,true,,,active
sticky-yoga-mat,,,,,,,,,Rebeccapurple,,4mm,,,"",0.0,shopify,0,deny,manual,285.00,,true,true,"",https://cdn.shopify.com/s/files/1/0864/3615/1593/files/5_396e96b6-c7f5-4268-80e9-40b9e755e265.jpg?v=1712209510,2,"",,,,,,,,,,,,,,,https://cdn.shopify.com/s/files/1/0864/3615/1593/files/4_3180ff37-0f97-4cc4-b5b7-4c5fcdd2411b.jpg?v=1712209510,lb,,299.00,,,,,,,
sticky-yoga-mat,,,,,,,,,Rebeccapurple,,6mm,,,"",0.0,shopify,0,deny,manual,285.00,,true,true,"",https://cdn.shopify.com/s/files/1/0864/3615/1593/files/6_d7a3f1ca-cfb5-493e-a3ae-493916f39eb8.jpg?v=1712209509,3,"",,,,,,,,,,,,,,,https://cdn.shopify.com/s/files/1/0864/3615/1593/files/4_3180ff37-0f97-4cc4-b5b7-4c5fcdd2411b.jpg?v=1712209510,lb,,299.00,,,,,,,
sticky-yoga-mat,,,,,,,,,Black,,3mm,,,abccd-19,0.0,shopify,22,deny,manual,289.00,,true,true,,https://cdn.shopify.com/s/files/1/0864/3615/1593/files/7.jpg?v=1712209509,4,"",,,,,,,,,,,,,,,https://cdn.shopify.com/s/files/1/0864/3615/1593/files/9.jpg?v=1712209510,lb,,299.00,,,,,,,
sticky-yoga-mat,,,,,,,,,Black,,4mm,,,"",0.0,shopify,0,deny,manual,285.00,,true,true,"",https://cdn.shopify.com/s/files/1/0864/3615/1593/files/8.jpg?v=1712209509,5,"",,,,,,,,,,,,,,,https://cdn.shopify.com/s/files/1/0864/3615/1593/files/9.jpg?v=1712209510,lb,,299.00,,,,,,,
sticky-yoga-mat,,,,,,,,,Black,,6mm,,,"",0.0,shopify,0,deny,manual,285.00,,true,true,"",https://cdn.shopify.com/s/files/1/0864/3615/1593/files/9.jpg?v=1712209510,6,"",,,,,,,,,,,,,,,https://cdn.shopify.com/s/files/1/0864/3615/1593/files/9.jpg?v=1712209510,lb,,299.00,,,,,,,
sticky-yoga-mat,,,,,,,,,Purple,,3mm,,,abccd-18,0.0,shopify,12,deny,manual,265.00,,true,true,,https://cdn.shopify.com/s/files/1/0864/3615/1593/files/3_f68ab10e-e099-412a-906f-bdcec40b43b0.jpg?v=1712209509,7,"",,,,,,,,,,,,,,,https://cdn.shopify.com/s/files/1/0864/3615/1593/files/7.jpg?v=1712209509,lb,,299.00,,,,,,,
sticky-yoga-mat,,,,,,,,,Purple,,4mm,,,"",0.0,shopify,0,deny,manual,285.00,,true,true,"",,,,,,,,,,,,,,,,,,https://cdn.shopify.com/s/files/1/0864/3615/1593/files/7.jpg?v=1712209509,lb,,299.00,,,,,,,
sticky-yoga-mat,,,,,,,,,Purple,,6mm,,,"",0.0,shopify,0,deny,manual,285.00,,true,true,"",,,,,,,,,,,,,,,,,,https://cdn.shopify.com/s/files/1/0864/3615/1593/files/7.jpg?v=1712209509,lb,,299.00,,,,,,,
eco-cork-yoga-mat,Eco cork yoga mat,"<div class=""more-description"">
<h2>More Detail</h2>
<ul>
<li>
<p>Lorem Ipsum is simply dummy text of the printing and typesetting industry</p>
</li>
<li>
<p>Lorem Ipsum has been the ‘s standard dummy text. Lorem Ipsumum is simply dummy text.</p>
</li>
<li>
<p>type here your detail one by one li more add</p>
</li>
<li>
<p>has been the industry’s standard dummy text ever since. Lorem Ips</p>
</li>
<li>
<p>Lorem Ipsum is simply dummy text of the printing and typesetting industry.</p>
</li>
<li>
<p>Lorem Ipsum is simply dummy text of the printing and typesetting industry. Lorem Ipsum has been the ‘s standard dummy text. Lorem Ipsum has been the industry’s standard dummy text ever since. Lorem Ipsum is simply dummy text.</p>
</li>
</ul>
</div>
<div class=""more-description"">
<h2>Key Specification</h2>
<ul>
<li>
<p>Lorem Ipsum is simply dummy text of the printing and typesetting industry</p>
</li>
<li>
<p>Lorem Ipsum has been the ‘s standard dummy text. Lorem Ipsumum is simply dummy text.</p>
</li>
<li>
<p>type here your detail one by one li more add</p>
</li>
<li>
<p>has been the industry’s standard dummy text ever since. Lorem Ips</p>
</li>
<li>
<p>Lorem Ipsum is simply dummy text of the printing and typesetting industry.</p>
</li>
<li>
<p>Lorem Ipsum is simply dummy text of the printing and typesetting industry. Lorem Ipsum has been the ‘s standard dummy text. Lorem Ipsum has been the industry’s standard dummy text ever since. Lorem Ipsum is simply dummy text.</p>
</li>
<li>
<p>Lorem Ipsum is simply dummy text of the printing and typesetting industry. Lorem Ipsum has been the ‘s standard dummy text. Lorem Ipsum has been the industry’s standard dummy text ever since. Lorem Ipsum is simply dummy text.</p>
</li>
</ul>
</div>",Yogolf,Sporting Goods > Exercise & Fitness > Yoga & Pilates > Yoga & Pilates Mats,Yoga,"3mm, 4mm, 6mm, darkkhaki, khaki, olive, yoga, yogolf",true,Color,Khaki,Size,3mm,,,abccd-16,0.0,shopify,32,deny,manual,285.00,,true,true,,https://cdn.shopify.com/s/files/1/0864/3615/1593/files/1_ed9e67e3-cec5-496b-bc3d-bdd05868543d.jpg?v=1712209020,1,"",false,,,,,,,,,,,,,,https://cdn.shopify.com/s/files/1/0864/3615/1593/files/1_ed9e67e3-cec5-496b-bc3d-bdd05868543d.jpg?v=1712209020,lb,,299.00,true,,,true,,,active
eco-cork-yoga-mat,,,,,,,,,Khaki,,4mm,,,"",0.0,shopify,0,deny,manual,285.00,,true,true,"",https://cdn.shopify.com/s/files/1/0864/3615/1593/files/2_683d50ea-f580-4f05-9273-231281ff1dd9.jpg?v=1712209020,2,"",,,,,,,,,,,,,,,https://cdn.shopify.com/s/files/1/0864/3615/1593/files/1_ed9e67e3-cec5-496b-bc3d-bdd05868543d.jpg?v=1712209020,lb,,299.00,,,,,,,
eco-cork-yoga-mat,,,,,,,,,Khaki,,6mm,,,"",0.0,shopify,0,deny,manual,285.00,,true,true,"",https://cdn.shopify.com/s/files/1/0864/3615/1593/files/84.jpg?v=1712209020,3,"",,,,,,,,,,,,,,,https://cdn.shopify.com/s/files/1/0864/3615/1593/files/1_ed9e67e3-cec5-496b-bc3d-bdd05868543d.jpg?v=1712209020,lb,,299.00,,,,,,,
eco-cork-yoga-mat,,,,,,,,,Darkkhaki,,3mm,,,abccd-18,0.0,shopify,22,deny,manual,289.00,,true,true,,https://cdn.shopify.com/s/files/1/0864/3615/1593/files/3_d9085ad5-7dab-470a-ba36-d40eaa4bc970.jpg?v=1712209020,4,"",,,,,,,,,,,,,,,https://cdn.shopify.com/s/files/1/0864/3615/1593/files/5_c869cd90-55c7-4baa-9c9b-4817e5f6c560.jpg?v=1712209020,lb,,299.00,,,,,,,
eco-cork-yoga-mat,,,,,,,,,Darkkhaki,,4mm,,,"",0.0,shopify,0,deny,manual,285.00,,true,true,"",https://cdn.shopify.com/s/files/1/0864/3615/1593/files/4_4f4ab034-9967-40ba-96cf-aa5daa9acd1d.jpg?v=1712209020,5,"",,,,,,,,,,,,,,,https://cdn.shopify.com/s/files/1/0864/3615/1593/files/5_c869cd90-55c7-4baa-9c9b-4817e5f6c560.jpg?v=1712209020,lb,,299.00,,,,,,,
eco-cork-yoga-mat,,,,,,,,,Darkkhaki,,6mm,,,"",0.0,shopify,0,deny,manual,285.00,,true,true,"",https://cdn.shopify.com/s/files/1/0864/3615/1593/files/5_c869cd90-55c7-4baa-9c9b-4817e5f6c560.jpg?v=1712209020,6,"",,,,,,,,,,,,,,,https://cdn.shopify.com/s/files/1/0864/3615/1593/files/5_c869cd90-55c7-4baa-9c9b-4817e5f6c560.jpg?v=1712209020,lb,,299.00,,,,,,,
eco-cork-yoga-mat,,,,,,,,,Olive,,3mm,,,abccd-17,0.0,shopify,12,deny,manual,265.00,,true,true,,,,,,,,,,,,,,,,,,,https://cdn.shopify.com/s/files/1/0864/3615/1593/files/84.jpg?v=1712209020,lb,,299.00,,,,,,,
eco-cork-yoga-mat,,,,,,,,,Olive,,4mm,,,"",0.0,shopify,0,deny,manual,285.00,,true,true,"",,,,,,,,,,,,,,,,,,https://cdn.shopify.com/s/files/1/0864/3615/1593/files/84.jpg?v=1712209020,lb,,299.00,,,,,,,
eco-cork-yoga-mat,,,,,,,,,Olive,,6mm,,,"",0.0,shopify,0,deny,manual,285.00,,true,true,"",,,,,,,,,,,,,,,,,,https://cdn.shopify.com/s/files/1/0864/3615/1593/files/84.jpg?v=1712209020,lb,,299.00,,,,,,,
