Handle,Title,Body (HTML),Vendor,Product Category,Type,Tags,Published,Option1 Name,Option1 Value,Option2 Name,Option2 Value,Option3 Name,Option3 Value,Variant SKU,Variant Grams,Variant Inventory Tracker,Variant Inventory Qty,Variant Inventory Policy,Variant Fulfillment Service,Variant Price,Variant Compare At Price,Variant Requires Shipping,Variant Taxable,Variant Barcode,Image Src,Image Position,Image Alt Text,Gift Card,SEO Title,SEO Description,Google Shopping / Google Product Category,Google Shopping / Gender,Google Shopping / Age Group,Google Shopping / MPN,Google Shopping / Condition,Google Shopping / Custom Product,Google Shopping / Custom Label 0,Google Shopping / Custom Label 1,Google Shopping / Custom Label 2,Google Shopping / Custom Label 3,Google Shopping / Custom Label 4,Variant Image,Variant Weight Unit,Variant Tax Code,Cost per item,Included / United States,Price / United States,Compare At Price / United States,Included / International,Price / International,Compare At Price / International,Status
rhea-lounge-henley-dress,Rhea Lounge Henley Dress,"<span data-mce-fragment=""1"">This garment is produced using FSC certified cellulose.</span><br data-mce-fragment=""1""><span data-mce-fragment=""1"">Forest Stewardship Council (FSC) certification ensures that products come from responsibly managed forests that provide environmental, social and economic benefits.</span>",Galvan London,,Dresses,"",true,Color,Yellow,Size,36,,,"",0.0,,0,deny,manual,750.00,800.00,true,true,"",https://cdn.shopify.com/s/files/1/1062/6128/files/GalvanLondon_RheaHenleyDressinGold_750_795_825._960x1440_89d3cf5c-b560-4ce3-ab1d-a7cdd0c150d9.jpg?v=1697990188,1,,false,,,,,,,,,,,,,,https://cdn.shopify.com/s/files/1/1062/6128/files/GalvanLondon_RheaHenleyDressinGold_750_795_825._960x1440_89d3cf5c-b560-4ce3-ab1d-a7cdd0c150d9.jpg?v=1697990188,kg,,,true,,,true,,,active
rhea-lounge-henley-dress,,,,,,,,,Yellow,,38,,,"",0.0,,0,deny,manual,750.00,800.00,true,true,"",https://cdn.shopify.com/s/files/1/1062/6128/files/GalvanLondon_RheaHenleyDressinGold_750_795_825._2_900x_2af2b7a5-13f9-49c9-93ab-d28112f29498.jpg?v=1697990188,2,,,,,,,,,,,,,,,,https://cdn.shopify.com/s/files/1/1062/6128/files/GalvanLondon_RheaHenleyDressinGold_750_795_825._960x1440_89d3cf5c-b560-4ce3-ab1d-a7cdd0c150d9.jpg?v=1697990188,kg,,,,,,,,,
rhea-lounge-henley-dress,,,,,,,,,Yellow,,40,,,"",0.0,,0,deny,manual,750.00,800.00,true,true,"",https://cdn.shopify.com/s/files/1/1062/6128/files/GalvanLondon_RheaHenleyDressinGold_750_795_825._1_900x_0c42049d-a8c1-4da0-a30b-c143d564ff66.jpg?v=1697990188,3,,,,,,,,,,,,,,,,https://cdn.shopify.com/s/files/1/1062/6128/files/GalvanLondon_RheaHenleyDressinGold_750_795_825._960x1440_89d3cf5c-b560-4ce3-ab1d-a7cdd0c150d9.jpg?v=1697990188,kg,,,,,,,,,
rhea-lounge-henley-dress,,,,,,,,,Yellow,,42,,,"",0.0,,0,deny,manual,750.00,800.00,true,true,"",https://cdn.shopify.com/s/files/1/1062/6128/files/GalvanLondon_RheaHenleyDressinBlack_750_795_825_3_1400x_b76fd70a-1ff8-4c0b-8386-8a757294d1ab.webp?v=1697990169,4,,,,,,,,,,,,,,,,https://cdn.shopify.com/s/files/1/1062/6128/files/GalvanLondon_RheaHenleyDressinGold_750_795_825._960x1440_89d3cf5c-b560-4ce3-ab1d-a7cdd0c150d9.jpg?v=1697990188,kg,,,,,,,,,
rhea-lounge-henley-dress,,,,,,,,,Black,,36,,,"",0.0,,0,deny,manual,750.00,800.00,true,true,"",https://cdn.shopify.com/s/files/1/1062/6128/files/GalvanLondon_RheaHenleyDressinBlack_750_795_825_1400x_ebf02b3b-1676-4e34-a34c-c0e842ee1c0c.webp?v=1697990169,5,,,,,,,,,,,,,,,,https://cdn.shopify.com/s/files/1/1062/6128/files/GalvanLondon_RheaHenleyDressinBlack_750_795_825_3_1400x_b76fd70a-1ff8-4c0b-8386-8a757294d1ab.webp?v=1697990169,kg,,,,,,,,,
rhea-lounge-henley-dress,,,,,,,,,Black,,38,,,"",0.0,,0,deny,manual,750.00,800.00,true,true,"",https://cdn.shopify.com/s/files/1/1062/6128/files/CD8081_RHEAHENLEYDRESS_LILAC_2_1400x_dd4b2da8-0199-44e5-a284-6faa1804b08a.webp?v=1697990169,6,,,,,,,,,,,,,,,,https://cdn.shopify.com/s/files/1/1062/6128/files/GalvanLondon_RheaHenleyDressinBlack_750_795_825_3_1400x_b76fd70a-1ff8-4c0b-8386-8a757294d1ab.webp?v=1697990169,kg,,,,,,,,,
rhea-lounge-henley-dress,,,,,,,,,Black,,40,,,"",0.0,,0,deny,manual,750.00,800.00,true,true,"",https://cdn.shopify.com/s/files/1/1062/6128/files/CD8081_RHEAHENLEYDRESS_LILAC_1_1400x_0967bd85-c241-4324-825e-96aee69558cb.webp?v=1697990169,7,,,,,,,,,,,,,,,,https://cdn.shopify.com/s/files/1/1062/6128/files/GalvanLondon_RheaHenleyDressinBlack_750_795_825_3_1400x_b76fd70a-1ff8-4c0b-8386-8a757294d1ab.webp?v=1697990169,kg,,,,,,,,,
rhea-lounge-henley-dress,,,,,,,,,Black,,42,,,"",0.0,,0,deny,manual,750.00,800.00,true,true,"",,,,,,,,,,,,,,,,,,https://cdn.shopify.com/s/files/1/1062/6128/files/GalvanLondon_RheaHenleyDressinBlack_750_795_825_3_1400x_b76fd70a-1ff8-4c0b-8386-8a757294d1ab.webp?v=1697990169,kg,,,,,,,,,
rhea-lounge-henley-dress,,,,,,,,,Purple,,36,,,"",0.0,,0,deny,manual,750.00,800.00,true,true,"",,,,,,,,,,,,,,,,,,https://cdn.shopify.com/s/files/1/1062/6128/files/CD8081_RHEAHENLEYDRESS_LILAC_2_1400x_dd4b2da8-0199-44e5-a284-6faa1804b08a.webp?v=1697990169,kg,,,,,,,,,
rhea-lounge-henley-dress,,,,,,,,,Purple,,38,,,"",0.0,,0,deny,manual,750.00,800.00,true,true,"",,,,,,,,,,,,,,,,,,https://cdn.shopify.com/s/files/1/1062/6128/files/CD8081_RHEAHENLEYDRESS_LILAC_2_1400x_dd4b2da8-0199-44e5-a284-6faa1804b08a.webp?v=1697990169,kg,,,,,,,,,
rhea-lounge-henley-dress,,,,,,,,,Purple,,40,,,"",0.0,,0,deny,manual,750.00,800.00,true,true,"",,,,,,,,,,,,,,,,,,https://cdn.shopify.com/s/files/1/1062/6128/files/CD8081_RHEAHENLEYDRESS_LILAC_2_1400x_dd4b2da8-0199-44e5-a284-6faa1804b08a.webp?v=1697990169,kg,,,,,,,,,
rhea-lounge-henley-dress,,,,,,,,,Purple,,42,,,"",0.0,,0,deny,manual,750.00,800.00,true,true,"",,,,,,,,,,,,,,,,,,https://cdn.shopify.com/s/files/1/1062/6128/files/CD8081_RHEAHENLEYDRESS_LILAC_2_1400x_dd4b2da8-0199-44e5-a284-6faa1804b08a.webp?v=1697990169,kg,,,,,,,,,
satin-slip-jacket-platinum,Satin Slip Jacket - Platinum,"<p><meta charset=""utf-8""><meta charset=""utf-8""><span data-mce-fragment=""1"">This style - worn by Rosie Huntington-Whiteley as a bridesmaid - is made from fluid satin for a beautiful drape. Sweep over slip dresses for an elegant evening look.</span><br></p>",Galvan London UK,,Jackets,"BLK, category_coats, Category_jackets, category_separates, Collections, Colour_Silver, IWD, label_exclusive, PF20, Signature, size_34, size_38, size_40, size_42, size_44, tagged_exclusive",true,Size,34,,,,,1000000122374,0.0,,1,deny,manual,795.00,,true,false,,https://cdn.shopify.com/s/files/1/1062/6128/products/JK7003041_SATIN_SLIP_JACKET_PLATINUM_1.jpg?v=1693468850,1,,false,,,,,,,,,,,,,,,g,,,true,,,true,,,active
satin-slip-jacket-platinum,,,,,,,,,36,,,,,1000000122381,0.0,,0,deny,manual,795.00,,true,false,,https://cdn.shopify.com/s/files/1/1062/6128/products/JK7003041_SATIN_SLIP_JACKET_PLATINUM_2.jpg?v=1693468850,2,,,,,,,,,,,,,,,,,g,,,,,,,,,
satin-slip-jacket-platinum,,,,,,,,,38,,,,,1000000122398,0.0,,1,deny,manual,795.00,,true,false,,https://cdn.shopify.com/s/files/1/1062/6128/products/JK7003041_SATIN_SLIP_JACKET_PLATINUM_27015.jpg?v=1693468850,3,,,,,,,,,,,,,,,,,g,,,,,,,,,
satin-slip-jacket-platinum,,,,,,,,,40,,,,,1000000122404,0.0,,1,deny,manual,795.00,,true,false,,https://cdn.shopify.com/s/files/1/1062/6128/products/JK7003041_SATIN_SLIP_JACKET_PLATINUM_27023.jpg?v=1693468850,4,,,,,,,,,,,,,,,,,g,,,,,,,,,
high-waisted-satin-trousers-black-2,High Waisted Satin Trousers - Black,"<p><meta charset=""utf-8""><span>These satin trousers represent eveningwear at it's most versatile. The flattering pair sits high on the waist and flare from the knees for elongating effect. Pair with a Power Knit top for timeless appeal.</span></p>
<p class=""p1""><b>THIS PRODUCT HAS BEEN MADE CONSCIOUSLY</b></p>",Galvan London UK,,Trousers,"All, category_separates, category_trousers, collagerie, colour_black, RESS23, signature, size_34, size_36, size_38, size_40, size_42, size_44, tagged_CONSCIOUS, Trousers",true,Size,34,,,,,5060865353838,0.0,,1,deny,manual,525.00,,true,false,,https://cdn.shopify.com/s/files/1/1062/6128/products/TR3002_HIGH_WAISTED_SATIN_TROUSERS_BLACK_1.jpg?v=1693468845,1,,false,,,,,,,,,,,,,,,g,,,true,,,true,,,active
high-waisted-satin-trousers-black-2,,,,,,,,,36,,,,,5060865353845,0.0,,1,deny,manual,525.00,,true,false,,https://cdn.shopify.com/s/files/1/1062/6128/products/TR3002_HIGH_WAISTED_SATIN_TROUSERS_BLACK_2.jpg?v=1693468845,2,,,,,,,,,,,,,,,,,g,,,,,,,,,
high-waisted-satin-trousers-black-2,,,,,,,,,38,,,,,5060865353852,0.0,,1,deny,manual,525.00,,true,false,,https://cdn.shopify.com/s/files/1/1062/6128/products/TR3002_HIGH_WAISTED_SATIN_TROUSERS_BLACK_3.jpg?v=1693468845,3,,,,,,,,,,,,,,,,,g,,,,,,,,,
high-waisted-satin-trousers-black-2,,,,,,,,,40,,,,,5060865353869,0.0,,0,deny,manual,525.00,,true,false,,https://cdn.shopify.com/s/files/1/1062/6128/products/TR3002_HIGH_WAISTED_SATIN_TROUSERS_BLACK_4.jpg?v=1693468845,4,,,,,,,,,,,,,,,,,g,,,,,,,,,
high-waisted-satin-trousers-black-2,,,,,,,,,42,,,,,5060865353876,0.0,,1,deny,manual,525.00,,true,false,,https://cdn.shopify.com/s/files/1/1062/6128/products/TR3002_HIGH_WAISTED_SATIN_TROUSER_BLACK_A.jpg?v=1693468845,5,,,,,,,,,,,,,,,,,g,,,,,,,,,
high-waisted-satin-trousers-black-2,,,,,,,,,44,,,,,5060865353883,0.0,,1,deny,manual,525.00,,true,false,,,,,,,,,,,,,,,,,,,,g,,,,,,,,,
satin-pandora-dress-midnight,Satin Pandora Dress - Midnight,"<meta charset=""utf-8""><span>Sleek and bold, this bias-cut dress in black is designed to turn heads. An asymmetrical halter neckline wraps around the neck, while a luxuriously long sash cascades down the back.<br><br><meta charset=""utf-8"">
<b data-mce-fragment=""1"">THIS PRODUCT HAS BEEN MADE CONSCIOUSLY</b><br></span>",Galvan London,,Dresses,"24S, category_dresses, collagerie, ecom, Evening, OTM, PFAW23, signature, size_34, size_36, size_38, size_40, size_42, size_44",true,Size,34,,,,,5060913084813,500.0,shopify,1001,deny,manual,1395.00,,true,false,"",https://cdn.shopify.com/s/files/1/1062/6128/products/DR0007_SATIN_PANDORA_DRESS_MIDNIGHT_1.jpg?v=1693468840,1,,false,,,,,,,,,,,,,,,g,,,true,,,true,,,active
satin-pandora-dress-midnight,,,,,,,,,36,,,,,5060913085957,500.0,shopify,1001,deny,manual,1395.00,,true,false,"",https://cdn.shopify.com/s/files/1/1062/6128/products/DR0007_SATIN_PANDORA_DRESS_MIDNIGHT_2.jpg?v=1693468840,2,,,,,,,,,,,,,,,,,g,,,,,,,,,
satin-pandora-dress-midnight,,,,,,,,,38,,,,,5060913080471,500.0,shopify,1001,deny,manual,1395.00,,true,false,"",https://cdn.shopify.com/s/files/1/1062/6128/products/DR0007_SATIN_PANDORA_DRESS_MIDNIGHT_3.jpg?v=1693468840,3,,,,,,,,,,,,,,,,,g,,,,,,,,,
satin-pandora-dress-midnight,,,,,,,,,40,,,,,5060913085827,500.0,shopify,1001,deny,manual,1395.00,,true,false,"",https://cdn.shopify.com/s/files/1/1062/6128/products/DR0007_SATIN_PANDORA_DRESS_MIDNIGHT_4.jpg?v=1693468840,4,,,,,,,,,,,,,,,,,g,,,,,,,,,
satin-pandora-dress-midnight,,,,,,,,,42,,,,,5060913080693,500.0,shopify,1001,deny,manual,1395.00,,true,false,"",https://cdn.shopify.com/s/files/1/1062/6128/products/DR0007_SATIN_PANDORA_DRESS_MIDNIGHT_A.jpg?v=1693468840,5,,,,,,,,,,,,,,,,,g,,,,,,,,,
satin-pandora-dress-midnight,,,,,,,,,44,,,,,5060913086411,500.0,shopify,1001,deny,manual,1395.00,,true,false,"",,,,,,,,,,,,,,,,,,,g,,,,,,,,,
gwyneth-jumpsuit-black-midnight,Gwyneth Jumpsuit - Black & Midnight,"<p>Debuted by Gwyneth Paltrow, this eponymous jumpsuit arrives in plush black velvet. Navy Crepe trousers offer an unexpected twist.<br></p>
<p class=""p1""><b>THIS PRODUCT HAS BEEN MADE CONSCIOUSLY</b></p>",Galvan London UK,,Jumpsuits,"All, category_jumpsuits, collagerie, ECOM, RESS23, signature, size_34, size_36, size_38, size_40, size_42, size_44, tagged_CONSCIOUS",true,Size,34,,,,,5056537538702,500.0,,1,deny,manual,1195.00,,true,false,,https://cdn.shopify.com/s/files/1/1062/6128/products/42_GwynethJumpsuit_Black_Midnight_2836.jpg?v=1693468834,1,,false,,,,,,,,,,,,,,,g,,,true,,,true,,,active
gwyneth-jumpsuit-black-midnight,,,,,,,,,36,,,,,5056537538719,500.0,,1,deny,manual,1195.00,,true,false,,https://cdn.shopify.com/s/files/1/1062/6128/products/42_GwynethJumpsuit_Black_Midnight_2839.jpg?v=1693468834,2,,,,,,,,,,,,,,,,,g,,,,,,,,,
gwyneth-jumpsuit-black-midnight,,,,,,,,,38,,,,,5056537538726,500.0,,1,deny,manual,1195.00,,true,false,,https://cdn.shopify.com/s/files/1/1062/6128/products/42_GwynethJumpsuit_Black_Midnight_2879.jpg?v=1693468834,3,,,,,,,,,,,,,,,,,g,,,,,,,,,
gwyneth-jumpsuit-black-midnight,,,,,,,,,40,,,,,5056537538733,500.0,,1,deny,manual,1195.00,,true,false,,https://cdn.shopify.com/s/files/1/1062/6128/products/42_GwynethJumpsuit_Black_Midnight_2857.jpg?v=1693468834,4,,,,,,,,,,,,,,,,,g,,,,,,,,,
gwyneth-jumpsuit-black-midnight,,,,,,,,,42,,,,,5056537538740,500.0,,1,deny,manual,1195.00,,true,false,,https://cdn.shopify.com/s/files/1/1062/6128/products/PS2094_GWYNETH-JUMPSUIT-_BLACK-_-MIDNIGHT_960x1440_fb2b67d9-287e-4181-bec7-1e4a4dd3de4b.jpg?v=1693468834,5,,,,,,,,,,,,,,,,,g,,,,,,,,,
gwyneth-jumpsuit-black-midnight,,,,,,,,,44,,,,,5056537538757,500.0,,1,deny,manual,1195.00,,true,false,,,,,,,,,,,,,,,,,,,,g,,,,,,,,,
signature-corset-jumpsuit-black-1,Signature Corset Jumpsuit - Black,"<meta charset=""utf-8"">
<p>This signature style lies at the heart of each collection. At once simple and striking, elegant and cool, the jumpsuit should be a staple in every modern woman's wardrobe.</p>
<p class=""p1""><b>THIS PRODUCT HAS BEEN MADE CONSCIOUSLY</b></p>",Galvan London UK,,Jumpsuits,"All, BLK, category_Jumpsuits, collagerie, Collections, colour_black, IWD, label_exclusive, RESS23, signature, size_34, size_36, size_38, size_40, tagged_CONSCIOUS, tagged_exclusive",true,Size,34,,,,,5060865352176,0.0,,1,deny,manual,1095.00,,true,false,,https://cdn.shopify.com/s/files/1/1062/6128/products/PS2000_SIGNATURECORSETJUMPSUIT_BLACK_1.jpg?v=1697998347,1,,false,,,,,,,,,,,,,,,g,,,true,,,true,,,active
signature-corset-jumpsuit-black-1,,,,,,,,,36,,,,,5060865352183,0.0,,1,deny,manual,1095.00,,true,false,,https://cdn.shopify.com/s/files/1/1062/6128/products/PS2000_SIGNATURECORSETJUMPSUIT_BLACK_2.jpg?v=1697998347,2,,,,,,,,,,,,,,,,,g,,,,,,,,,
signature-corset-jumpsuit-black-1,,,,,,,,,38,,,,,5060865352190,0.0,,1,deny,manual,1095.00,,true,false,,https://cdn.shopify.com/s/files/1/1062/6128/products/PS2000_SIGNATURECORSETJUMPSUIT_BLACK_3.jpg?v=1697998347,3,,,,,,,,,,,,,,,,,g,,,,,,,,,
signature-corset-jumpsuit-black-1,,,,,,,,,40,,,,,5060865352206,0.0,,1,deny,manual,1095.00,,true,false,,https://cdn.shopify.com/s/files/1/1062/6128/products/PS2000_SIGNATURECORSETJUMPSUIT_BLACK_4.jpg?v=1697998347,4,,,,,,,,,,,,,,,,,g,,,,,,,,,
signature-corset-jumpsuit-black-1,,,,,,,,,42,,,,,5060865352213,0.0,,0,deny,manual,1095.00,,true,false,,,,,,,,,,,,,,,,,,,,g,,,,,,,,,
signature-corset-jumpsuit-black-1,,,,,,,,,44,,,,,5060865352220,0.0,,0,deny,manual,1095.00,,true,false,,,,,,,,,,,,,,,,,,,,g,,,,,,,,,
cropped-sienna-dress-nude,Cropped Sienna Dress - Nude,"<style type=""text/css"" data-mce-fragment=""1""><!--
td {border: 1px solid #ccc;}br {mso-data-placement:same-cell;}
--></style>
<p><meta charset=""utf-8""><span>A go-to wardrobe hero all year round, this cropped version of the iconic Sienna style is perfect for dressing up or down, pairing with heels or flats. Effortlessly chic, this style works beautifully on both curvy and straight figures.</span></p>
<p><b>THIS PRODUCT HAS BEEN MADE CONSCIOUSLY</b></p>",Galvan London UK,,Dresses,"Bridesmaids, category_dresses, collagerie, datenight, Dresses, OTM, PFAW22, signature, size_34, size_36, size_38, size_40, size_42, tagged_CONSCIOUS",true,Size,34,,,,,5056537521643,0.0,,1,deny,manual,895.00,,true,false,,https://cdn.shopify.com/s/files/1/1062/6128/products/CROPPED-SIENNA-DRESS_DR0005_NUDE_1-Kopie.jpg?v=1693468815,1,,false,,,,,,,,,,,,,,,g,,,true,,,true,,,active
cropped-sienna-dress-nude,,,,,,,,,36,,,,,5056537521650,0.0,,1,deny,manual,895.00,,true,false,,https://cdn.shopify.com/s/files/1/1062/6128/products/CROPPED-SIENNA-DRESS_DR0005_NUDE_2_Kopie.jpg?v=1693468815,2,,,,,,,,,,,,,,,,,g,,,,,,,,,
cropped-sienna-dress-nude,,,,,,,,,38,,,,,5056537521667,0.0,,1,deny,manual,895.00,,true,false,,https://cdn.shopify.com/s/files/1/1062/6128/products/CROPPED-SIENNA-DRESS_DR0005_NUDE_3_Kopie.jpg?v=1693468815,3,,,,,,,,,,,,,,,,,g,,,,,,,,,
cropped-sienna-dress-nude,,,,,,,,,40,,,,,5056537521674,0.0,,1,deny,manual,895.00,,true,false,,https://cdn.shopify.com/s/files/1/1062/6128/products/CROPPED-SIENNA-DRESS_DR0005_NUDE_4_FRONT-DETAIL_Kopie.jpg?v=1693468815,4,,,,,,,,,,,,,,,,,g,,,,,,,,,
cropped-sienna-dress-nude,,,,,,,,,42,,,,,5056537521681,0.0,,1,deny,manual,895.00,,true,false,,,,,,,,,,,,,,,,,,,,g,,,,,,,,,
cropped-sienna-dress-nude,,,,,,,,,44,,,,,5056537521698,0.0,,0,deny,manual,895.00,,true,false,,,,,,,,,,,,,,,,,,,,g,,,,,,,,,
sienna-dress-limeleaf,Satin Sienna Dress - Lime Leaf,"<style type=""text/css"" data-mce-fragment=""1""><!--
td {border: 1px solid #cccccc;}br {mso-data-placement:same-cell;}
--></style>
<style type=""text/css""><!--
td {border: 1px solid #cccccc;}br {mso-data-placement:same-cell;}
--></style>
<p><span data-sheets-userformat='{""2"":963,""3"":{""1"":0},""4"":{""1"":2,""2"":16773836},""9"":0,""10"":1,""11"":4,""12"":0}' data-sheets-value='{""1"":2,""2"":""The bold lime leaf Sienna dress is a perfect choice for bridesmaids. An elegant high and sash-tie neckline, coupled with draping bias-cut satin, cement its place as a time-honoured favourite. ""}'>The bold lime leaf Sienna dress is a perfect choice for bridesmaids. An elegant high and sash-tie neckline, coupled with draping bias-cut satin, cement its place as a time-honoured favourite. </span><br></p>
<p><span data-sheets-value='{""1"":2,""2"":""The bold lime leaf Sienna dress is a perfect choice for bridesmaids. An elegant high and sash-tie neckline, coupled with draping bias-cut satin, cement its place as a time-honoured favourite. ""}' data-sheets-userformat='{""2"":963,""3"":{""1"":0},""4"":{""1"":2,""2"":16773836},""9"":0,""10"":1,""11"":4,""12"":0}' data-mce-fragment=""1""><b>THIS PRODUCT HAS BEEN MADE CONSCIOUSLY</b></span></p>",Galvan London UK,,Dresses,"Bridesmaids, category_dresses, collagerie, Ecom, Evening, OTM, signature, size_34, size_36, size_38, size_40, size_42, SS23 Bridal, tagged_CONSCIOUS",true,Size,34,,,,,5056537542884,500.0,,0,deny,manual,1295.00,,true,false,,https://cdn.shopify.com/s/files/1/1062/6128/products/BR0002100_0514.jpg?v=1693468810,1,,false,,,,,,,,,,,,,,,g,,,true,,,true,,,active
sienna-dress-limeleaf,,,,,,,,,36,,,,,5056537542891,500.0,,1,deny,manual,1295.00,,true,false,,https://cdn.shopify.com/s/files/1/1062/6128/products/BR0002100_0518.jpg?v=1693468810,2,,,,,,,,,,,,,,,,,g,,,,,,,,,
sienna-dress-limeleaf,,,,,,,,,38,,,,,5056537542907,500.0,,1,deny,manual,1295.00,,true,false,,https://cdn.shopify.com/s/files/1/1062/6128/products/BR0002100_0525.jpg?v=1693468810,3,,,,,,,,,,,,,,,,,g,,,,,,,,,
sienna-dress-limeleaf,,,,,,,,,40,,,,,5056537542914,500.0,,1,deny,manual,1295.00,,true,false,,https://cdn.shopify.com/s/files/1/1062/6128/products/BR0002100_0556.jpg?v=1693468810,4,,,,,,,,,,,,,,,,,g,,,,,,,,,
sienna-dress-limeleaf,,,,,,,,,42,,,,,5056537542921,500.0,,1,deny,manual,1295.00,,true,false,,https://cdn.shopify.com/s/files/1/1062/6128/products/23Spring-SiennaDress.jpg?v=1693468810,5,,,,,,,,,,,,,,,,,g,,,,,,,,,
sienna-dress-limeleaf,,,,,,,,,44,,,,,5056537542938,500.0,,0,deny,manual,1295.00,,true,false,,,,,,,,,,,,,,,,,,,,g,,,,,,,,,
cropped-sienna-dress-lagoon,Cropped Sienna Dress - Lagoon,"<p>This lagoon blue version of the iconic Sienna dress has a versatile cropped hemline. It's effortlessly chic in bias-cut satin and can be dressed up and down with ease.<br><br><meta charset=""utf-8""><b data-mce-fragment=""1"">THIS PRODUCT HAS BEEN MADE CONSCIOUSLY</b><br></p>",Galvan London UK,,Dresses,"24S, All, category_dresses, collagerie, ECOM, Evening, OTM, Party Edit, RESS23, signature, size_34, size_36, size_38, size_42, tagged_CONSCIOUS",true,Size,34,,,,,5056537533066,500.0,,1,deny,manual,895.00,,true,false,,https://cdn.shopify.com/s/files/1/1062/6128/products/CD1001_CROPPED_SIENNA_DRESS_LAGOON_1.jpg?v=1693468803,1,,false,,,,,,,,,,,,,,,g,,,true,,,true,,,active
cropped-sienna-dress-lagoon,,,,,,,,,36,,,,,5056537533073,500.0,,1,deny,manual,895.00,,true,false,,https://cdn.shopify.com/s/files/1/1062/6128/products/CD1001_CROPPED_SIENNA_DRESS_LAGOON_2.jpg?v=1693468803,2,,,,,,,,,,,,,,,,,g,,,,,,,,,
cropped-sienna-dress-lagoon,,,,,,,,,38,,,,,5056537533080,500.0,,1,deny,manual,895.00,,true,false,,https://cdn.shopify.com/s/files/1/1062/6128/products/CD1001_CROPPED_SIENNA_DRESS_LAGOON_3.jpg?v=1693468803,3,,,,,,,,,,,,,,,,,g,,,,,,,,,
cropped-sienna-dress-lagoon,,,,,,,,,40,,,,,5056537533097,500.0,,0,deny,manual,895.00,,true,false,,https://cdn.shopify.com/s/files/1/1062/6128/products/CD1001_CROPPED_SIENNA_DRESS_LAGOON_4.jpg?v=1693468803,4,,,,,,,,,,,,,,,,,g,,,,,,,,,
cropped-sienna-dress-lagoon,,,,,,,,,42,,,,,5056537533103,500.0,,1,deny,manual,895.00,,true,false,,https://cdn.shopify.com/s/files/1/1062/6128/products/CD1001_CROPPED_SIENNA_DRESS_LAGOON_A.jpg?v=1693468803,5,,,,,,,,,,,,,,,,,g,,,,,,,,,
cropped-sienna-dress-lagoon,,,,,,,,,44,,,,,5056537533110,500.0,,0,deny,manual,895.00,,true,false,,,,,,,,,,,,,,,,,,,,g,,,,,,,,,
sienna-dress-blush,Satin Sienna Dress - Blush,"<meta charset=""utf-8""><span>The iconic Sienna dress is made from mid-weight satin for a lustrous drape. The minimalist style has a graceful high neck and suits both curvy and straight figures.<br><br><meta charset=""utf-8"">
<b data-mce-fragment=""1"">THIS PRODUCT HAS BEEN MADE CONSCIOUSLY</b> </span>",Galvan London UK,,Dresses,"Bridesmaids, category_dresses, Ecom, Evening, OTM, signature, size_34, size_36, size_38, size_40, size_42, size_44, SS23 Bridal, tagged_CONSCIOUS",true,Size,34,,,,,5056537542945,500.0,,1,deny,manual,1295.00,,true,false,,https://cdn.shopify.com/s/files/1/1062/6128/products/DR0005_SIENNA_DRESS_BLUSH_1.jpg?v=1693468797,1,,false,,,,,,,,,,,,,,,g,,,true,,,true,,,active
sienna-dress-blush,,,,,,,,,36,,,,,5056537542952,500.0,,1,deny,manual,1295.00,,true,false,,https://cdn.shopify.com/s/files/1/1062/6128/products/DR0005_SIENNA_DRESS_BLUSH_2.jpg?v=1693468797,2,,,,,,,,,,,,,,,,,g,,,,,,,,,
sienna-dress-blush,,,,,,,,,38,,,,,5056537542969,500.0,,1,deny,manual,1295.00,,true,false,,https://cdn.shopify.com/s/files/1/1062/6128/products/DR0005_SIENNA_DRESS_BLUSH_3.jpg?v=1693468797,3,,,,,,,,,,,,,,,,,g,,,,,,,,,
sienna-dress-blush,,,,,,,,,40,,,,,5056537542976,500.0,,1,deny,manual,1295.00,,true,false,,https://cdn.shopify.com/s/files/1/1062/6128/products/DR0005_SIENNA_DRESS_BLUSH_4.jpg?v=1693468797,4,,,,,,,,,,,,,,,,,g,,,,,,,,,
sienna-dress-blush,,,,,,,,,42,,,,,5056537542983,500.0,,1,deny,manual,1295.00,,true,false,,,,,,,,,,,,,,,,,,,,g,,,,,,,,,
sienna-dress-blush,,,,,,,,,44,,,,,5056537542990,500.0,,1,deny,manual,1295.00,,true,false,,,,,,,,,,,,,,,,,,,,g,,,,,,,,,
cropped-v-neck-slip-dress-olive,Cropped V-Neck Slip Dress - Olive,"<style type=""text/css""><!--
td {border: 1px solid #cccccc;}br {mso-data-placement:same-cell;}
--></style>
<p><span data-sheets-userformat='{""2"":4352,""11"":4,""15"":""Spartan""}' data-sheets-value='{""1"":2,""2"":""The Cropped Slip dress ‚Äì inspired by ‚Äò90s icons ‚Äì lies at the core of every collection. The minimalist V-neck shape is updated in mellow olive with a partial lining for extra coverage. ""}'>The Cropped Slip dress ‚ inspired by 90s icons, lies at the core of every collection. The minimalist V-neck shape is updated in mellow olive with a partial lining for extra coverage. </span><br></p>",Galvan London,,Dresses,"Bridesmaids, Category_dresses, colour_black, Dresses, Ecom, label_exclusive, recut, signature, size_34, size_36, size_38, size_40, size_42, size_44, tagged_exclusive",true,Size,34,,,,,5056537545922,500.0,,1,deny,manual,695.00,,true,false,,https://cdn.shopify.com/s/files/1/1062/6128/products/CD1114350_CROPPED_V-NECK_SLIP_DRESS_OLIVE_2507.jpg?v=1693468793,1,,false,,,,,,,,,,,,,,,g,,,true,,,true,,,active
cropped-v-neck-slip-dress-olive,,,,,,,,,36,,,,,5056537545939,500.0,,1,deny,manual,695.00,,true,false,,https://cdn.shopify.com/s/files/1/1062/6128/products/CD1114350_CROPPED_V-NECK_SLIP_DRESS_OLIVE_2511.jpg?v=1693468793,2,,,,,,,,,,,,,,,,,g,,,,,,,,,
cropped-v-neck-slip-dress-olive,,,,,,,,,38,,,,,5056537545946,500.0,,1,deny,manual,695.00,,true,false,,https://cdn.shopify.com/s/files/1/1062/6128/products/CD1114350_CROPPED_V-NECK_SLIP_DRESS_OLIVE_2518.jpg?v=1693468793,3,,,,,,,,,,,,,,,,,g,,,,,,,,,
cropped-v-neck-slip-dress-olive,,,,,,,,,40,,,,,5056537545953,500.0,,1,deny,manual,695.00,,true,false,,https://cdn.shopify.com/s/files/1/1062/6128/products/CD1114350_CROPPED_V-NECK_SLIP_DRESS_OLIVE_2521.jpg?v=1693468793,4,,,,,,,,,,,,,,,,,g,,,,,,,,,
cropped-v-neck-slip-dress-olive,,,,,,,,,42,,,,,5056537545960,500.0,,1,deny,manual,695.00,,true,false,,https://cdn.shopify.com/s/files/1/1062/6128/products/CD1114350_CROPPED_V-NECKSLIPDRESS_OLIVE_FLATSHOT.jpg?v=1693468793,5,,,,,,,,,,,,,,,,,g,,,,,,,,,
cropped-v-neck-slip-dress-olive,,,,,,,,,44,,,,,5056537545977,500.0,,1,deny,manual,695.00,,true,false,,,,,,,,,,,,,,,,,,,,g,,,,,,,,,
sienna-dress-black,Satin Sienna Dress - Black,"<meta charset=""utf-8""><span data-mce-fragment=""1"">The iconic Sienna dress is made from mid-weight satin for a lustrous drape. The minimalist style has a graceful high neck and suits both curvy and straight figures.<br><br><meta charset=""utf-8"">
<b data-mce-fragment=""1"">THIS PRODUCT HAS BEEN MADE CONSCIOUSLY</b><br></span>",Galvan London UK,,Dresses,"All, category_dresses, Evening, OTM, RESS23, signature, size_34, size_36, size_38, size_40, size_42, size_44, tagged_CONSCIOUS",true,Color,Black,Size,34,,,1000000104028,500.0,,1,deny,manual,1295.00,,true,false,,https://cdn.shopify.com/s/files/1/1062/6128/products/DR0005600_SATIN_SIENNA_DRESS_BLACK_1.jpg?v=1698031560,1,,false,,,,,,,,,,,,,,https://cdn.shopify.com/s/files/1/1062/6128/products/DR0005600_SATIN_SIENNA_DRESS_BLACK_1.jpg?v=1698031560,g,,,true,,,true,,,active
sienna-dress-black,,,,,,,,,Black,,36,,,1000000104035,500.0,,1,deny,manual,1295.00,,true,false,,https://cdn.shopify.com/s/files/1/1062/6128/products/DR0005600_SATIN_SIENNA_DRESS_BLACK_2.jpg?v=1698031560,2,,,,,,,,,,,,,,,,https://cdn.shopify.com/s/files/1/1062/6128/products/DR0005600_SATIN_SIENNA_DRESS_BLACK_1.jpg?v=1698031560,g,,,,,,,,,
sienna-dress-black,,,,,,,,,Black,,38,,,1000000104042,500.0,,1,deny,manual,1295.00,,true,false,,https://cdn.shopify.com/s/files/1/1062/6128/products/DR0005600_SATIN_SIENNA_DRESS_BLACK_3.jpg?v=1698031560,3,,,,,,,,,,,,,,,,https://cdn.shopify.com/s/files/1/1062/6128/products/DR0005600_SATIN_SIENNA_DRESS_BLACK_1.jpg?v=1698031560,g,,,,,,,,,
sienna-dress-black,,,,,,,,,Black,,40,,,1000000104059,500.0,,1,deny,manual,1295.00,,true,false,,https://cdn.shopify.com/s/files/1/1062/6128/products/DR0005_SATIN_SIENNA_DRESS_BLACK_A.jpg?v=1698031560,4,,,,,,,,,,,,,,,,https://cdn.shopify.com/s/files/1/1062/6128/products/DR0005600_SATIN_SIENNA_DRESS_BLACK_1.jpg?v=1698031560,g,,,,,,,,,
sienna-dress-black,,,,,,,,,Black,,42,,,1000000104066,500.0,,1,deny,manual,1295.00,,true,false,,,,,,,,,,,,,,,,,,,https://cdn.shopify.com/s/files/1/1062/6128/products/DR0005600_SATIN_SIENNA_DRESS_BLACK_1.jpg?v=1698031560,g,,,,,,,,,
sienna-dress-black,,,,,,,,,Black,,44,,,1000000104073,500.0,,1,deny,manual,1295.00,,true,false,,,,,,,,,,,,,,,,,,,https://cdn.shopify.com/s/files/1/1062/6128/products/DR0005600_SATIN_SIENNA_DRESS_BLACK_1.jpg?v=1698031560,g,,,,,,,,,
satin-pandora-dress-platinum,Satin Pandora Dress - Platinum,"<p>Sleek and bold, this bias-cut dress in platinum is designed to turn heads. An asymmetrical halter neckline wraps around the neck, while a luxuriously long sash cascades down the back.</p>",Galvan London,,Dresses,"24S, category_dresses, collagerie, ecom, Evening, OTM, PFAW23, signature, size_34, size_36, size_38, size_40, size_42, size_44",true,Size,34,,,,,1000000120684,500.0,,1,deny,manual,1395.00,,true,false,,https://cdn.shopify.com/s/files/1/1062/6128/products/DR0007_012_47a9488c-c528-4bd7-acaa-a369d5149faa.jpg?v=1693468782,1,,false,,,,,,,,,,,,,,,g,,,true,,,true,,,active
satin-pandora-dress-platinum,,,,,,,,,36,,,,,1000000120691,500.0,,1,deny,manual,1395.00,,true,false,,https://cdn.shopify.com/s/files/1/1062/6128/products/DR0007_053_0ff35595-73da-4c5d-b4a6-d51600e78d78.jpg?v=1693468782,2,,,,,,,,,,,,,,,,,g,,,,,,,,,
satin-pandora-dress-platinum,,,,,,,,,38,,,,,1000000120707,500.0,,1,deny,manual,1395.00,,true,false,,https://cdn.shopify.com/s/files/1/1062/6128/products/DR0007_055_22269072-450e-409f-bd4d-3f93074c5f14.jpg?v=1693468782,3,,,,,,,,,,,,,,,,,g,,,,,,,,,
satin-pandora-dress-platinum,,,,,,,,,40,,,,,1000000120714,500.0,,1,deny,manual,1395.00,,true,false,,https://cdn.shopify.com/s/files/1/1062/6128/products/DR0007_095_429a4a48-07ba-4f14-a256-2ea3b5f1064e.jpg?v=1693468782,4,,,,,,,,,,,,,,,,,g,,,,,,,,,
satin-pandora-dress-platinum,,,,,,,,,42,,,,,1000000120721,500.0,,1,deny,manual,1395.00,,true,false,,https://cdn.shopify.com/s/files/1/1062/6128/products/SATINPANDORADRESS-PLATINUM.jpg?v=1693468782,5,,,,,,,,,,,,,,,,,g,,,,,,,,,
satin-pandora-dress-platinum,,,,,,,,,44,,,,,1000000120738,500.0,,1,deny,manual,1395.00,,true,false,,,,,,,,,,,,,,,,,,,,g,,,,,,,,,
cropped-pandora-dress-rose,Cropped Pandora Dress - Rose,"<meta charset=""utf-8""><span>The signature satin Pandora dress is reimagined with a modern cropped hemline. Cut on the bias for a beautiful drape, it features a contemporary halter neckline and cascading sash.</span>",Galvan London,,Dresses,"category_dresses, Dresses, Ecom, label_exclusive, recut, signature, size_34, size_36, size_38, size_40, size_42, size_44, tagged_exclusive",true,Size,34,,,,,5056537545687,500.0,,1,deny,manual,895.00,,true,false,,https://cdn.shopify.com/s/files/1/1062/6128/products/CD1003692_CROPPED_PANDORA_DRESS_ROSE_1.jpg?v=1693468777,1,,false,,,,,,,,,,,,,,,g,,,true,,,true,,,active
cropped-pandora-dress-rose,,,,,,,,,36,,,,,5056537545694,500.0,,1,deny,manual,895.00,,true,false,,https://cdn.shopify.com/s/files/1/1062/6128/products/CD1003692_CROPPED_PANDORA_DRESS_ROSE_2.jpg?v=1693468777,2,,,,,,,,,,,,,,,,,g,,,,,,,,,
cropped-pandora-dress-rose,,,,,,,,,38,,,,,5056537545700,500.0,,1,deny,manual,895.00,,true,false,,https://cdn.shopify.com/s/files/1/1062/6128/products/CD1003692_CROPPED_PANDORA_DRESS_ROSE_3.jpg?v=1693468777,3,,,,,,,,,,,,,,,,,g,,,,,,,,,
cropped-pandora-dress-rose,,,,,,,,,40,,,,,5056537545717,500.0,,1,deny,manual,895.00,,true,false,,https://cdn.shopify.com/s/files/1/1062/6128/products/CD1003692_CROPPED_PANDORA_DRESS_ROSE_4-1.jpg?v=1693468777,4,,,,,,,,,,,,,,,,,g,,,,,,,,,
cropped-pandora-dress-rose,,,,,,,,,42,,,,,5056537545724,500.0,,1,deny,manual,895.00,,true,false,,https://cdn.shopify.com/s/files/1/1062/6128/products/CD1003692_CROPPED_PANDORA_DRESS_ROSE_4.jpg?v=1693468777,5,,,,,,,,,,,,,,,,,g,,,,,,,,,
cropped-pandora-dress-rose,,,,,,,,,44,,,,,5056537545731,500.0,,1,deny,manual,895.00,,true,false,,https://cdn.shopify.com/s/files/1/1062/6128/products/CD1003692_CROPPEDPANDORADRESS_ROSE_FLATSHOT.jpg?v=1693468777,6,,,,,,,,,,,,,,,,,g,,,,,,,,,
cropped-sienna-dress-coral,Cropped Sienna Dress - Coral,"<meta charset=""utf-8"">
<p><span>A go-to wardrobe hero all year round, this cropped version of the iconic Sienna style is perfect for dressing up or down, pairing with heels or flats. Effortlessly chic, this style works beautifully on both curvy and straight figures.</span></p>
<p><b>THIS PRODUCT HAS BEEN MADE CONSCIOUSLY</b></p>",Galvan London UK,,Dresses,"OTM, signature, size_34, size_36, size_38, size_40, size_42, SS23 Bridal",true,Size,34,,,,,5056537542525,500.0,,1,deny,manual,895.00,,true,false,,https://cdn.shopify.com/s/files/1/1062/6128/products/CD1001_CROPPEDSIENNADRESS_CORAL_1.jpg?v=1693468770,1,,false,,,,,,,,,,,,,,,g,,,true,,,true,,,active
cropped-sienna-dress-coral,,,,,,,,,36,,,,,5056537542532,500.0,,1,deny,manual,895.00,,true,false,,https://cdn.shopify.com/s/files/1/1062/6128/products/CD1001_CROPPEDSIENNADRESS_CORAL_2.jpg?v=1693468770,2,,,,,,,,,,,,,,,,,g,,,,,,,,,
cropped-sienna-dress-coral,,,,,,,,,38,,,,,5056537542549,500.0,,1,deny,manual,895.00,,true,false,,https://cdn.shopify.com/s/files/1/1062/6128/products/CD1001_CROPPEDSIENNADRESS_CORAL_3.jpg?v=1693468770,3,,,,,,,,,,,,,,,,,g,,,,,,,,,
cropped-sienna-dress-coral,,,,,,,,,40,,,,,5056537542556,500.0,,1,deny,manual,895.00,,true,false,,https://cdn.shopify.com/s/files/1/1062/6128/products/CD1001_CROPPEDSIENNADRESS_CORAL_4.jpg?v=1693468770,4,,,,,,,,,,,,,,,,,g,,,,,,,,,
cropped-sienna-dress-coral,,,,,,,,,42,,,,,5056537542563,500.0,,1,deny,manual,895.00,,true,false,,https://cdn.shopify.com/s/files/1/1062/6128/products/CD1001_CROPPEDSIENNADRESS_CORAL.jpg?v=1693468770,5,,,,,,,,,,,,,,,,,g,,,,,,,,,
cropped-sienna-dress-coral,,,,,,,,,44,,,,,5056537542570,500.0,,0,deny,manual,895.00,,true,false,,,,,,,,,,,,,,,,,,,,g,,,,,,,,,
sienna-dress-platinum,Satin Sienna Dress - Platinum,"<p><meta charset=""utf-8""><span>The iconic Sienna dress is made from mid-weight satin for a lustrous drape. The minimalist style has a graceful high neck and suits both curvy and straight figures.<br><br><meta charset=""utf-8"">
<b data-mce-fragment=""1"">THIS PRODUCT HAS BEEN MADE CONSCIOUSLY</b> </span></p>",Galvan London UK,,Dresses,"All, BLK, Bridesmaids, category_dresses, collagerie, Collections, colour_silver, Evening, IWD, label_exclusive, OTM, RESS23, Sienna, signature, size_34, size_36, size_38, size_40, size_42, size_44, SS19, tagged_CONSCIOUS, tagged_exclusive",true,Size,34,,,,,1000000026757,500.0,,1,deny,manual,1295.00,,true,false,,https://cdn.shopify.com/s/files/1/1062/6128/products/DR0005_SATIN_SIENNA_DRESS_PLATINUM_1.jpg?v=1693468765,1,,false,,,,,,,,,,,,,,,g,,,true,,,true,,,active
sienna-dress-platinum,,,,,,,,,36,,,,,1000000026764,500.0,,1,deny,manual,1295.00,,true,false,,https://cdn.shopify.com/s/files/1/1062/6128/products/DR0005_SATIN_SIENNA_DRESS_PLATINUM_2.jpg?v=1693468765,2,,,,,,,,,,,,,,,,,g,,,,,,,,,
sienna-dress-platinum,,,,,,,,,38,,,,,1000000026771,500.0,,1,deny,manual,1295.00,,true,false,,https://cdn.shopify.com/s/files/1/1062/6128/products/DR0005_SATIN_SIENNA_DRESS_PLATINUM_3.jpg?v=1693468765,3,,,,,,,,,,,,,,,,,g,,,,,,,,,
sienna-dress-platinum,,,,,,,,,40,,,,,1000000026788,500.0,,1,deny,manual,1295.00,,true,false,,https://cdn.shopify.com/s/files/1/1062/6128/products/DR0005_SATIN_SIENNA_DRESS_PLATINUM_4.jpg?v=1693468765,4,,,,,,,,,,,,,,,,,g,,,,,,,,,
sienna-dress-platinum,,,,,,,,,42,,,,,1000000026795,500.0,,1,deny,manual,1295.00,,true,false,,https://cdn.shopify.com/s/files/1/1062/6128/products/DR0005_SATIN_SIENNA_DRESS_PLATINUM_A.jpg?v=1693468765,5,,,,,,,,,,,,,,,,,g,,,,,,,,,
sienna-dress-platinum,,,,,,,,,44,,,,,1000000026801,500.0,,1,deny,manual,1295.00,,true,false,,,,,,,,,,,,,,,,,,,,g,,,,,,,,,
evelyn-dress-cardinal-red,Evelyn Dress - Cardinal Red,"<p>An updated version of the best-selling Eve dress, the red Evelyn dress has a gentle A-line flare and modern crossover halterneck. Keyhole cutouts complete the modern design.</p>",Galvan London,,Dresses,"24S, category_dresses, collagerie, ecom, Evening, label_exclusive, OTM, Party Edit, PFAW23, signature, size_34, size_36, size_38, size_40, size_42, size_44, tagged_exclusive",true,Size,34,,,,,5056537548947,500.0,,1,deny,manual,1395.00,,true,false,,https://cdn.shopify.com/s/files/1/1062/6128/products/DR0234_EVELYN_DRESS_RED_1.jpg?v=1693468760,1,,false,,,,,,,,,,,,,,,g,,,true,,,true,,,active
evelyn-dress-cardinal-red,,,,,,,,,36,,,,,5056537548954,500.0,,1,deny,manual,1395.00,,true,false,,https://cdn.shopify.com/s/files/1/1062/6128/products/DR0234_EVELYN_DRESS_RED_2.jpg?v=1693468760,2,,,,,,,,,,,,,,,,,g,,,,,,,,,
evelyn-dress-cardinal-red,,,,,,,,,38,,,,,5056537548961,500.0,,1,deny,manual,1395.00,,true,false,,https://cdn.shopify.com/s/files/1/1062/6128/products/DR0234_EVELYN_DRESS_RED_3.jpg?v=1693468760,3,,,,,,,,,,,,,,,,,g,,,,,,,,,
evelyn-dress-cardinal-red,,,,,,,,,40,,,,,5056537548978,500.0,,1,deny,manual,1395.00,,true,false,,https://cdn.shopify.com/s/files/1/1062/6128/products/DR0234_EVELYN_DRESS_RED_4.jpg?v=1693468760,4,,,,,,,,,,,,,,,,,g,,,,,,,,,
evelyn-dress-cardinal-red,,,,,,,,,42,,,,,5056537548985,500.0,,1,deny,manual,1395.00,,true,false,,,,,,,,,,,,,,,,,,,,g,,,,,,,,,
evelyn-dress-cardinal-red,,,,,,,,,44,,,,,5056537548992,500.0,,1,deny,manual,1395.00,,true,false,,,,,,,,,,,,,,,,,,,,g,,,,,,,,,
st-germain-bridal-trousers,St Germain Bridal Trousers,"<style type=""text/css"" data-mce-fragment=""1""><!--
td {border: 1px solid #ccc;}br {mso-data-placement:same-cell;}
--></style>
<p><span data-sheets-userformat='{""2"":2945,""3"":{""1"":0},""10"":0,""11"":4,""12"":0,""14"":{""1"":3,""3"":1}}' data-sheets-value='{""1"":2,""2"":""These menswear-inspired trousers are crafted from mid-weight white crepe with a high waist, relaxed leg and tapered cuff. Team with the coordinating st germain jacket for a polished head-to-toe look.""}' data-mce-fragment=""1"">These menswear-inspired trousers are crafted from mid-weight white crepe with a high waist, relaxed leg and tapered cuff. Team with the coordinating St Germain jacket for a polished head-to-toe look.</span></p>
<p><span data-sheets-userformat='{""2"":2945,""3"":{""1"":0},""10"":0,""11"":4,""12"":0,""14"":{""1"":3,""3"":1}}' data-sheets-value='{""1"":2,""2"":""These menswear-inspired trousers are crafted from mid-weight white crepe with a high waist, relaxed leg and tapered cuff. Team with the coordinating st germain jacket for a polished head-to-toe look.""}' data-mce-fragment=""1""><meta charset=""utf-8"">
<b>THIS PRODUCT HAS BEEN MADE CONSCIOUSLY</b></span></p>",Galvan London UK,,Bridal,"Bridal Separates, OTM, PFAW22 Bridal, size_34, size_36, size_38, size_40, size_42, tagged_CONSCIOUS",true,Size,34,,,,,5056537519961,0.0,,1,deny,manual,695.00,700.00,true,false,"",https://cdn.shopify.com/s/files/1/1062/6128/products/JK7066100_TR3065100_744.StGermainSuit._1.jpg?v=1693468711,1,,false,,,,,,,,,,,,,,,g,,,true,,,true,,,active
st-germain-bridal-trousers,,,,,,,,,36,,,,,5056537519978,0.0,,1,deny,manual,695.00,,true,false,,https://cdn.shopify.com/s/files/1/1062/6128/products/JK7066100_TR3065100_697.StGermainSuit._1.jpg?v=1693468712,2,,,,,,,,,,,,,,,,,g,,,,,,,,,
st-germain-bridal-trousers,,,,,,,,,38,,,,,5056537519985,0.0,,1,deny,manual,695.00,,true,false,,https://cdn.shopify.com/s/files/1/1062/6128/products/JK7066100_TR3065100_807.StGermainSuit._1.jpg?v=1693468712,3,,,,,,,,,,,,,,,,,g,,,,,,,,,
st-germain-bridal-trousers,,,,,,,,,40,,,,,5056537519992,0.0,,0,deny,manual,695.00,,true,false,,https://cdn.shopify.com/s/files/1/1062/6128/products/JK7066100_TR3065100_851_1.jpg?v=1693468712,4,,,,,,,,,,,,,,,,,g,,,,,,,,,
napoli-bridal-jumpsuit,Napoli Bridal Jumpsuit,"<p><meta charset=""utf-8""><span>Take inspiration from coastal shorelines with the Napoli Bridal jumpsuit. Cut from matte crepe, it has a flattering plunge neckline and elongating empire line waist. The cascading sash tie is a Galvan signature. </span></p>",Galvan London UK,,Bridal,"after-party, BRAW21, Bridal, Bridal Jumpsuits, civil, colour_white, size_34, size_36, size_40, size_42, size_44, SS21",true,Size,34,,,,,1000000116601,0.0,,1,deny,manual,1350.00,,true,false,,https://cdn.shopify.com/s/files/1/1062/6128/products/PS2077_NAPOLI_BRIDAL_JUMPSUIT_WHITE_1.jpg?v=1693468706,1,,false,,,,,,,,,,,,,,,g,,,true,,,true,,,active
napoli-bridal-jumpsuit,,,,,,,,,36,,,,,1000000116618,0.0,,1,deny,manual,1350.00,,true,false,,https://cdn.shopify.com/s/files/1/1062/6128/products/PS2077_NAPOLI_BRIDAL_JUMPSUIT_WHITE_2.jpg?v=1693468706,2,,,,,,,,,,,,,,,,,g,,,,,,,,,
napoli-bridal-jumpsuit,,,,,,,,,38,,,,,1000000116625,0.0,,0,deny,manual,1350.00,,true,false,,https://cdn.shopify.com/s/files/1/1062/6128/products/PS2077_NAPOLI_BRIDAL_JUMPSUIT_WHITE_3.jpg?v=1693468706,3,,,,,,,,,,,,,,,,,g,,,,,,,,,
napoli-bridal-jumpsuit,,,,,,,,,40,,,,,1000000116632,0.0,,1,deny,manual,1350.00,,true,false,,https://cdn.shopify.com/s/files/1/1062/6128/products/PS2077_NAPOLI_BRIDAL_JUMPSUIT_WHITE_4.jpg?v=1693468706,4,,,,,,,,,,,,,,,,,g,,,,,,,,,
napoli-bridal-jumpsuit,,,,,,,,,42,,,,,1000000116649,0.0,,1,deny,manual,1350.00,,true,false,,https://cdn.shopify.com/s/files/1/1062/6128/products/PS2077_NAPOLI_BRIDAL_JUMPSUIT_WHITE_A.jpg?v=1693468706,5,,,,,,,,,,,,,,,,,g,,,,,,,,,
napoli-bridal-jumpsuit,,,,,,,,,44,,,,,1000000116656,0.0,,1,deny,manual,1350.00,,true,false,,,,,,,,,,,,,,,,,,,,g,,,,,,,,,
maya-bridal-gown,Maya Bridal Gown,"<meta charset=""utf-8""><span data-mce-fragment=""1"">Majestic yet romantic, this statement bridal </span><span class=""c-mrkdwn__highlight"" data-mce-fragment=""1"">gown </span><span data-mce-fragment=""1"">is crafted from lightweight silk jacquard. The rich texture contrasts with the clean, modern silhouette. The halter neckline is all chic simplicity, whilst the generous, flowing skirt holds beautiful movement made for dancing.<br><br></span>
<p class=""p1""><b>THIS PRODUCT HAS BEEN MADE CONSCIOUSLY</b></p>",Galvan London UK,,Bridal,"Bridal, Bridal Dresses, collagerie, OTM, size_34, size_36, size_38, size_40, size_42, size_44, SS22 Bridal, tagged_CONSCIOUS",true,Size,34,,,,,5060865355634,0.0,,1,deny,manual,2450.00,,true,false,,https://cdn.shopify.com/s/files/1/1062/6128/products/DR0157_MAYAGOWN_434.jpg?v=1693468701,1,,false,,,,,,,,,,,,,,,g,,,true,,,true,,,active
maya-bridal-gown,,,,,,,,,36,,,,,5060865355641,0.0,,1,deny,manual,2450.00,,true,false,,https://cdn.shopify.com/s/files/1/1062/6128/products/DR0157_MAYAGOWN_469.jpg?v=1693468701,2,,,,,,,,,,,,,,,,,g,,,,,,,,,
maya-bridal-gown,,,,,,,,,38,,,,,5060865355658,0.0,,1,deny,manual,2450.00,,true,false,,https://cdn.shopify.com/s/files/1/1062/6128/products/DR0157_MAYAGOWN_491.jpg?v=1693468701,3,,,,,,,,,,,,,,,,,g,,,,,,,,,
maya-bridal-gown,,,,,,,,,40,,,,,5060865355665,0.0,,1,deny,manual,2450.00,,true,false,,https://cdn.shopify.com/s/files/1/1062/6128/products/DR0157_MAYAGOWN_443.jpg?v=1693468701,4,,,,,,,,,,,,,,,,,g,,,,,,,,,
maya-bridal-gown,,,,,,,,,42,,,,,5060865355672,0.0,,1,deny,manual,2450.00,,true,false,,https://cdn.shopify.com/s/files/1/1062/6128/products/SS22MAYAGOWN.jpg?v=1693468701,5,,,,,,,,,,,,,,,,,g,,,,,,,,,
maya-bridal-gown,,,,,,,,,44,,,,,5060865355689,0.0,,1,deny,manual,2450.00,,true,false,,,,,,,,,,,,,,,,,,,,g,,,,,,,,,
panarea-bridal-dress,Panarea Bridal Dress - Pearl White,"<meta charset=""utf-8""><meta charset=""utf-8""><span data-mce-fragment=""1"">The chic pleated Panarea Bridal dress evokes lapping waves. The halterneck flatters shoulders and bust, while a high side slit allows for ease of movement. It's finished with a contemporary raw-edged hemline.</span><br>",Galvan London UK,,Bridal,"Bridal Dresses, PFAW22 Bridal, size_34, size_36, size_38, size_40, size_42, size_44",true,Size,34,,,,,5056537519565,0.0,,1,deny,manual,1695.00,,true,false,,https://cdn.shopify.com/s/files/1/1062/6128/products/PANAREA_DRESS_DR0197100_1947.jpg?v=1693468695,1,,false,,,,,,,,,,,,,,,g,,,true,,,true,,,active
panarea-bridal-dress,,,,,,,,,36,,,,,5056537519572,0.0,,1,deny,manual,1695.00,,true,false,,https://cdn.shopify.com/s/files/1/1062/6128/products/PANAREA_DRESS_DR0197100_1997.jpg?v=1693468695,2,,,,,,,,,,,,,,,,,g,,,,,,,,,
panarea-bridal-dress,,,,,,,,,38,,,,,5056537519589,0.0,,1,deny,manual,1695.00,,true,false,,https://cdn.shopify.com/s/files/1/1062/6128/products/DR0197100_2027.jpg?v=1693468695,3,,,,,,,,,,,,,,,,,g,,,,,,,,,
panarea-bridal-dress,,,,,,,,,40,,,,,5056537519596,0.0,,1,deny,manual,1695.00,,true,false,,https://cdn.shopify.com/s/files/1/1062/6128/products/PANAREA_DRESS_DR0197100_2076.jpg?v=1693468695,4,,,,,,,,,,,,,,,,,g,,,,,,,,,
panarea-bridal-dress,,,,,,,,,42,,,,,5056537519602,0.0,,1,deny,manual,1695.00,,true,false,,https://cdn.shopify.com/s/files/1/1062/6128/products/AW22Panareadress.jpg?v=1693468695,5,,,,,,,,,,,,,,,,,g,,,,,,,,,
panarea-bridal-dress,,,,,,,,,44,,,,,5056537519619,0.0,,1,deny,manual,1695.00,,true,false,,,,,,,,,,,,,,,,,,,,g,,,,,,,,,
eclipse-jumpsuit-white,Bridal Eclipse Jumpsuit - White,"<meta charset=""utf-8""><span data-mce-fragment=""1"">A wide-legged update to our signature corset jumpsuit, this monochrome style is an instant classic that suits all body types.</span>",Galvan London UK,,Bridal,"24S, Bridal, Bridal Jumpsuits, civil, collagerie, OTM, size_34, size_36, size_38, size_40, size_42, size_44",true,Title,Default Title,,,,,1000000120080,0.0,shopify,0,deny,manual,1095.00,,true,false,"",https://cdn.shopify.com/s/files/1/1062/6128/products/PS2065_ECLIPSE_CORSET_JUMPSUIT_WHITE_1.jpg?v=1693468689,1,,false,,,,,,,,,,,,,,,g,,,true,,,true,,,active
eclipse-jumpsuit-white,,,,,,,,,,,,,,,,,,,,,,,,,https://cdn.shopify.com/s/files/1/1062/6128/products/PS2065_ECLIPSE_CORSET_JUMPSUIT_WHITE_2.jpg?v=1693468689,2,,,,,,,,,,,,,,,,,,,,,,,,,,
eclipse-jumpsuit-white,,,,,,,,,,,,,,,,,,,,,,,,,https://cdn.shopify.com/s/files/1/1062/6128/products/PS2065_ECLIPSE_CORSET_JUMPSUIT_WHITE_3.jpg?v=1693468689,3,,,,,,,,,,,,,,,,,,,,,,,,,,
eclipse-jumpsuit-white,,,,,,,,,,,,,,,,,,,,,,,,,https://cdn.shopify.com/s/files/1/1062/6128/products/PS2065_ECLIPSE_CORSET_JUMPSUIT_WHITE_4.jpg?v=1693468689,4,,,,,,,,,,,,,,,,,,,,,,,,,,
eclipse-jumpsuit-white,,,,,,,,,,,,,,,,,,,,,,,,,https://cdn.shopify.com/s/files/1/1062/6128/products/Signature-ECLIPSE_JUMPSUIT_SIGNATURE-0165.jpg?v=1693468689,5,,,,,,,,,,,,,,,,,,,,,,,,,,
st-germain-bridal-blazer,St Germain Bridal Blazer,"<meta charset=""utf-8"">
<style type=""text/css"" data-mce-fragment=""1""><!--
td {border: 1px solid #ccc;}br {mso-data-placement:same-cell;}
--></style>
<span data-sheets-value='{""1"":2,""2"":""Whether for a civil ceremony or chic party, this sharply tailored blazer is fresh and youthful. Team with the coordinating st germain trousers and camisole for a polished head-to-toe look.""}' data-sheets-userformat='{""2"":2945,""3"":{""1"":0},""10"":0,""11"":4,""12"":0,""14"":{""1"":3,""3"":1}}' data-mce-fragment=""1"">Whether for a civil ceremony or chic party, this sharply tailored blazer is fresh and youthful. Team with the coordinating St Germain trousers and camisole for a polished head-to-toe look.</span>",Galvan London UK,,Bridal,"Bridal Separates, category_jackets, PFAW22 Bridal, size_38, size_40, size_42, tagged_CONSCIOUS",true,Size,34,,,,,5056537516786,0.0,,0,deny,manual,1095.00,,true,false,,https://cdn.shopify.com/s/files/1/1062/6128/products/JK7066100_TR3065100_744.StGermainSuit..jpg?v=1693468683,1,,false,,,,,,,,,,,,,,,g,,,true,,,true,,,active
st-germain-bridal-blazer,,,,,,,,,36,,,,,5056537516793,0.0,,0,deny,manual,1095.00,,true,false,,https://cdn.shopify.com/s/files/1/1062/6128/products/JK7066100_TR3065100_807.StGermainSuit..jpg?v=1693468683,2,,,,,,,,,,,,,,,,,g,,,,,,,,,
st-germain-bridal-blazer,,,,,,,,,38,,,,,5056537516809,0.0,,0,deny,manual,1095.00,,true,false,,https://cdn.shopify.com/s/files/1/1062/6128/products/JK7066100_TR3065100_851.jpg?v=1693468683,3,,,,,,,,,,,,,,,,,g,,,,,,,,,
st-germain-bridal-blazer,,,,,,,,,40,,,,,5056537516816,0.0,,0,deny,manual,1095.00,,true,false,,https://cdn.shopify.com/s/files/1/1062/6128/products/JK7066100_TR3065100_864.jpg?v=1693468683,4,,,,,,,,,,,,,,,,,g,,,,,,,,,
st-germain-bridal-blazer,,,,,,,,,42,,,,,5056537516823,0.0,,1,deny,manual,1095.00,,true,false,,https://cdn.shopify.com/s/files/1/1062/6128/products/AW22StGermainBlazer.jpg?v=1693468683,5,,,,,,,,,,,,,,,,,g,,,,,,,,,
st-germain-bridal-blazer,,,,,,,,,44,,,,,5056537516830,0.0,,0,deny,manual,1095.00,,true,false,,,,,,,,,,,,,,,,,,,,g,,,,,,,,,
cova-bridal-dress,Cova Bridal Dress,"<style type=""text/css"" data-mce-fragment=""1""><!--
td {border: 1px solid #ccc;}br {mso-data-placement:same-cell;}
--></style>
<p><span data-sheets-value='{""1"":2,""2"":""Luxe and fluid, this updated take on our signature bias-cut slip dress is an instant classic. Perfect for curvy and straight figures alike.""}' data-sheets-userformat='{""2"":2945,""3"":{""1"":0},""10"":0,""11"":4,""12"":0,""14"":{""1"":2,""2"":0}}' data-mce-fragment=""1"">Luxe and fluid, this updated take on our signature bias-cut slip dress is an instant classic. Perfect for curvy and straight figures alike.</span></p>
<p><span data-sheets-value='{""1"":2,""2"":""Luxe and fluid, this updated take on our signature bias-cut slip dress is an instant classic. Perfect for curvy and straight figures alike.""}' data-sheets-userformat='{""2"":2945,""3"":{""1"":0},""10"":0,""11"":4,""12"":0,""14"":{""1"":2,""2"":0}}' data-mce-fragment=""1""><meta charset=""utf-8"">
<b>THIS PRODUCT HAS BEEN MADE CONSCIOUSLY</b></span></p>",Galvan London UK,,Bridal,"after-party, Bridal, Bridal Dresses, PFAW22 Bridal, size_36, size_38, size_42, tagged_CONSCIOUS",true,Size,34,,,,,5056537519206,0.0,,0,deny,manual,1095.00,,true,false,,https://cdn.shopify.com/s/files/1/1062/6128/products/COVADRESS.jpg?v=1693468677,1,,false,,,,,,,,,,,,,,,g,,,true,,,true,,,active
cova-bridal-dress,,,,,,,,,36,,,,,5056537519213,0.0,,1,deny,manual,1095.00,,true,false,,https://cdn.shopify.com/s/files/1/1062/6128/products/COVA_DRESS_2.jpg?v=1693468677,2,,,,,,,,,,,,,,,,,g,,,,,,,,,
cova-bridal-dress,,,,,,,,,38,,,,,5056537519220,0.0,,1,deny,manual,1095.00,,true,false,,https://cdn.shopify.com/s/files/1/1062/6128/products/COVA_DRESS_3.jpg?v=1693468677,3,,,,,,,,,,,,,,,,,g,,,,,,,,,
cova-bridal-dress,,,,,,,,,40,,,,,5056537519237,0.0,,0,deny,manual,1095.00,,true,false,,https://cdn.shopify.com/s/files/1/1062/6128/products/COVA_DRESS5.jpg?v=1693468677,4,,,,,,,,,,,,,,,,,g,,,,,,,,,
cova-bridal-dress,,,,,,,,,42,,,,,5056537519244,0.0,,1,deny,manual,1095.00,,true,false,,https://cdn.shopify.com/s/files/1/1062/6128/products/AW22Covadress.jpg?v=1693468677,5,,,,,,,,,,,,,,,,,g,,,,,,,,,
cova-bridal-dress,,,,,,,,,44,,,,,5056537519251,0.0,,0,deny,manual,1095.00,,true,false,,,,,,,,,,,,,,,,,,,,g,,,,,,,,,
monaco-bridal-dress,Monaco Bridal Dress - White,"<meta charset=""utf-8"">
<p data-mce-fragment=""1""><meta charset=""utf-8""><span>The statuesque Monaco dress will never go out of style. Luxurious silk cascades along the lines of the body and drapes beautifully to the floor. The halterneck elongates the figure whilst providing excellent coverage for the bust.</span></p>",Galvan London UK,,Bridal,"Bridal, Bridal Dresses, collagerie, size_36, size_38, size_40, size_42, size_44, SS22 Bridal, tagged_CONSCIOUS",true,Size,34,,,,,5060913083564,0.0,,0,deny,manual,1695.00,,true,false,,https://cdn.shopify.com/s/files/1/1062/6128/products/DR0129100_759_ecdc5c99-ac16-4e95-8c22-0e64f788ac38.jpg?v=1693468671,1,,false,,,,,,,,,,,,,,,g,,,true,,,true,,,active
monaco-bridal-dress,,,,,,,,,36,,,,,5060913085506,0.0,,0,deny,manual,1695.00,,true,false,,https://cdn.shopify.com/s/files/1/1062/6128/products/DR0129100_824_f56ca672-dffd-4580-8c96-70b3e408967c.jpg?v=1693468671,2,,,,,,,,,,,,,,,,,g,,,,,,,,,
monaco-bridal-dress,,,,,,,,,38,,,,,5060913082239,0.0,,1,deny,manual,1695.00,,true,false,,https://cdn.shopify.com/s/files/1/1062/6128/products/DR0129100_950_d15df5af-cb17-4f49-bcfa-aa311b202b56.jpg?v=1693468671,3,,,,,,,,,,,,,,,,,g,,,,,,,,,
monaco-bridal-dress,,,,,,,,,40,,,,,5060913084356,0.0,,1,deny,manual,1695.00,,true,false,,https://cdn.shopify.com/s/files/1/1062/6128/products/DR0129100_833_bac514e7-8dcf-4216-a6c5-98c620671f4b.jpg?v=1693468671,4,,,,,,,,,,,,,,,,,g,,,,,,,,,
monaco-bridal-dress,,,,,,,,,42,,,,,5060913087937,0.0,,1,deny,manual,1695.00,,true,false,,,,,,,,,,,,,,,,,,,,g,,,,,,,,,
monaco-bridal-dress,,,,,,,,,44,,,,,5060913085056,0.0,,1,deny,manual,1695.00,,true,false,,,,,,,,,,,,,,,,,,,,g,,,,,,,,,
barcelona-bridal-jumpsuit,Barcelona Bridal Jumpsuit,"<style type=""text/css"" data-mce-fragment=""1""><!--
td {border: 1px solid #ccc;}br {mso-data-placement:same-cell;}
--></style>
<p><meta charset=""utf-8""><span>A true statement piece, the Barcelona jumpsuit combines romantic curves with a sleek silhouette. A modern style for brides and non-brides alike.</span></p>
<p class=""p1"" data-mce-fragment=""1""><b data-mce-fragment=""1"">THIS PRODUCT HAS BEEN MADE CONSCIOUSLY</b></p>
<br>",Galvan London UK,,Bridal,"after-party, Bridal, Bridal Jumpsuits, category_Jumpsuits, civil, PFAW22 Bridal, size_34, size_36, size_38, size_40, size_42, size_44, tagged_CONSCIOUS",true,Size,34,,,,,5056537517806,0.0,,1,deny,manual,1195.00,,true,false,,https://cdn.shopify.com/s/files/1/1062/6128/products/BARCELONAJUMPSUIT_PS2086100_1259.jpg?v=1693468667,1,,false,,,,,,,,,,,,,,,g,,,true,,,true,,,active
barcelona-bridal-jumpsuit,,,,,,,,,36,,,,,5056537517813,0.0,,0,deny,manual,1195.00,,true,false,,https://cdn.shopify.com/s/files/1/1062/6128/products/PS2086100_1323.jpg?v=1693468667,2,,,,,,,,,,,,,,,,,g,,,,,,,,,
barcelona-bridal-jumpsuit,,,,,,,,,38,,,,,5056537517820,0.0,,1,deny,manual,1195.00,,true,false,,https://cdn.shopify.com/s/files/1/1062/6128/products/PS2086100_1371.jpg?v=1693468667,3,,,,,,,,,,,,,,,,,g,,,,,,,,,
barcelona-bridal-jumpsuit,,,,,,,,,40,,,,,5056537517837,0.0,,0,deny,manual,1195.00,,true,false,,https://cdn.shopify.com/s/files/1/1062/6128/products/PS2086100_1317.jpg?v=1693468667,4,,,,,,,,,,,,,,,,,g,,,,,,,,,
barcelona-bridal-jumpsuit,,,,,,,,,42,,,,,5056537517844,0.0,,0,deny,manual,1195.00,,true,false,,,,,,,,,,,,,,,,,,,,g,,,,,,,,,
barcelona-bridal-jumpsuit,,,,,,,,,44,,,,,5056537517851,0.0,,1,deny,manual,1195.00,,true,false,,,,,,,,,,,,,,,,,,,,g,,,,,,,,,
whiteley-bridal-dress,Whiteley Bridal Dress,"<meta charset=""utf-8"">
<style type=""text/css"" data-mce-fragment=""1""><!--
td {border: 1px solid #cccccc;}br {mso-data-placement:same-cell;}
--></style>
<span data-sheets-value='{""1"":2,""2"":""Originally designed for Rosie Huntington-Whiteley, the pure silk Whiteley dress is now a coveted Galvan signature. The slip style has a draping low back that enhances natural contours of the figure. ""}' data-sheets-userformat='{""2"":963,""3"":{""1"":0},""4"":{""1"":2,""2"":16773836},""9"":0,""10"":1,""11"":4,""12"":0}' data-mce-fragment=""1"">Originally designed for Rosie Huntington-Whiteley, the pure silk Whiteley dress is now a coveted Galvan signature. The slip style has a draping low back that enhances natural contours of the figure. </span>",Galvan London UK,,Bridal,"after-party, Bridal, Bridal Dresses, Bridal-stock-items, CF, colour_white, Ecom, not_on_sale, OTM, size_34, size_36, size_38, size_40, size_42, SS23 Bridal",true,Size,34,,,,,5056537516069,0.0,,1,deny,manual,1200.00,1495.00,true,false,"",https://cdn.shopify.com/s/files/1/1062/6128/products/DR0039100_0349_89a80e3e-6d18-40d7-9ac9-692a5649ba4f.jpg?v=1693468660,1,,false,,,,,,,,,,,,,,,g,,,true,,,true,,,active
whiteley-bridal-dress,,,,,,,,,36,,,,,5056537516076,0.0,,1,deny,manual,1495.00,,true,false,,https://cdn.shopify.com/s/files/1/1062/6128/products/DR0039100_0369_60defdb7-4933-4055-a06a-bbb823514c14.jpg?v=1693468660,2,,,,,,,,,,,,,,,,,g,,,,,,,,,
whiteley-bridal-dress,,,,,,,,,38,,,,,5056537516083,0.0,,1,deny,manual,1495.00,,true,false,,https://cdn.shopify.com/s/files/1/1062/6128/products/DR0039100_0386_fff6c75a-82ec-45a9-9e0f-dc7dcb88dbc6.jpg?v=1693468660,3,,,,,,,,,,,,,,,,,g,,,,,,,,,
whiteley-bridal-dress,,,,,,,,,40,,,,,5056537516090,0.0,,1,deny,manual,1495.00,,true,false,,https://cdn.shopify.com/s/files/1/1062/6128/products/DR0039100_0457_caa90d31-9804-4948-a133-656e89e0acda.jpg?v=1693468660,4,,,,,,,,,,,,,,,,,g,,,,,,,,,
whiteley-bridal-dress,,,,,,,,,42,,,,,5056537516106,0.0,,1,deny,manual,1495.00,,true,false,,https://cdn.shopify.com/s/files/1/1062/6128/products/WHITELEY_DRESS.jpg?v=1693468660,5,,,,,,,,,,,,,,,,,g,,,,,,,,,
whiteley-bridal-dress,,,,,,,,,44,,,,,5056537516113,0.0,,0,deny,manual,1200.00,1495.00,true,false,"",,,,,,,,,,,,,,,,,,,g,,,,,,,,,
santorini-bridal-dress,Santorini Dress - White,"<meta charset=""utf-8""><meta charset=""utf-8""><span data-mce-fragment=""1""> Take your bridal cues from sun-soaked Santorini with this versatile cropped dress. The halterneck flatters shoulders, while knotted details and open back are contemporary features. </span><br>",Galvan London UK,,Bridal,"after-party, Bridal, Bridal Dresses, category_bridal, civil, OTM, PFAW22 Bridal, size_34, size_36, size_38, size_40, size_42",true,Size,34,,,,,5056537519329,0.0,,0,deny,manual,895.00,,true,false,,https://cdn.shopify.com/s/files/1/1062/6128/products/CD1153SANTORINIDRESS100WHITE1.jpg?v=1693468655,1,,false,,,,,,,,,,,,,,,g,,,true,,,true,,,active
santorini-bridal-dress,,,,,,,,,36,,,,,5056537519336,0.0,,1,deny,manual,895.00,,true,false,,https://cdn.shopify.com/s/files/1/1062/6128/products/CD1153SANTORINIDRESS100WHITE_Back1.jpg?v=1693468655,2,,,,,,,,,,,,,,,,,g,,,,,,,,,
santorini-bridal-dress,,,,,,,,,38,,,,,5056537519343,0.0,,1,deny,manual,895.00,,true,false,,https://cdn.shopify.com/s/files/1/1062/6128/products/DR0034_SANTORINI_GOWN.294.jpg?v=1693468655,3,,,,,,,,,,,,,,,,,g,,,,,,,,,
santorini-bridal-dress,,,,,,,,,40,,,,,5056537519350,0.0,,1,deny,manual,895.00,,true,false,,,,,,,,,,,,,,,,,,,,g,,,,,,,,,
santorini-bridal-dress,,,,,,,,,42,,,,,5056537519367,0.0,,1,deny,manual,895.00,,true,false,,,,,,,,,,,,,,,,,,,,g,,,,,,,,,
santorini-bridal-dress,,,,,,,,,44,,,,,5056537519374,0.0,,0,deny,manual,895.00,,true,false,,,,,,,,,,,,,,,,,,,,g,,,,,,,,,
praiano-slip-dress-white,Praiano Bridal Slip Dress - White,"<meta charset=""utf-8""><meta charset=""utf-8"">
<style data-mce-fragment=""1"" type=""text/css""><!--
td {border: 1px solid #cccccc;}br {mso-data-placement:same-cell;}
--></style>
<span data-mce-fragment=""1"" data-sheets-userformat='{""2"":7043,""3"":{""1"":0},""4"":{""1"":2,""2"":16773836},""10"":1,""11"":4,""12"":0,""14"":{""1"":2,""2"":1907741},""15"":""Arial""}' data-sheets-value='{""1"":2,""2"":""Sleek and uncomplicated, the Praiano Slip Bridal dress is outlined with tulle, creating a free-floating effect atop the skin. It‚Äôs made from glossy bias-cut satin for a beautiful and fluid drape.""}'>Sleek and uncomplicated, the Praiano Slip Bridal dress is outlined with tulle, creating a free-floating effect atop the skin. It‚Äôs made from glossy bias-cut satin for a beautiful and fluid drape.</span><br><br>
<p data-mce-fragment=""1"" class=""p1""><b data-mce-fragment=""1"">THIS PRODUCT HAS BEEN MADE CONSCIOUSLY</b></p>",Galvan London UK,,Bridal,"Bridal, Bridal Dresses, Ecom, OTM, size_34, size_36, size_38, size_40, size_42, SS23 Bridal, tagged_CONSCIOUS",true,Size,34,,,,,5056537543300,500.0,,0,deny,manual,1395.00,,true,false,,https://cdn.shopify.com/s/files/1/1062/6128/products/PRAIANOSLIPDRESS559.jpg?v=1693468652,1,,false,,,,,,,,,,,,,,,g,,,true,,,true,,,active
praiano-slip-dress-white,,,,,,,,,36,,,,,5056537543317,500.0,,1,deny,manual,1395.00,,true,false,,https://cdn.shopify.com/s/files/1/1062/6128/products/PRAIANOSLIPDRESS567.jpg?v=1693468652,2,,,,,,,,,,,,,,,,,g,,,,,,,,,
praiano-slip-dress-white,,,,,,,,,38,,,,,5056537543324,500.0,,1,deny,manual,1395.00,,true,false,,https://cdn.shopify.com/s/files/1/1062/6128/products/PRAIANOSLIPDRESS571.jpg?v=1693468652,3,,,,,,,,,,,,,,,,,g,,,,,,,,,
praiano-slip-dress-white,,,,,,,,,40,,,,,5056537543331,500.0,,1,deny,manual,1395.00,,true,false,,https://cdn.shopify.com/s/files/1/1062/6128/products/PRAIANOSLIPDRESS583.jpg?v=1693468652,4,,,,,,,,,,,,,,,,,g,,,,,,,,,
praiano-slip-dress-white,,,,,,,,,42,,,,,5056537543348,500.0,,0,deny,manual,1395.00,,true,false,,https://cdn.shopify.com/s/files/1/1062/6128/products/23Spring-PraianoSlipDress.jpg?v=1693468652,5,,,,,,,,,,,,,,,,,g,,,,,,,,,
praiano-slip-dress-white,,,,,,,,,44,,,,,5056537543355,500.0,,0,deny,manual,1395.00,,true,false,,,,,,,,,,,,,,,,,,,,g,,,,,,,,,
sonoma-bridal-dress,Sonoma Bridal Dress,"<p><meta charset=""utf-8""><span>The Sonoma Bridal dress is enduringly elegant in its simplicity. Lustrous bias-cut satin creates a fluid figure-skimming drape, while delicate crossover straps add intrigue to the low-cut back. A cropped fluted hem adds a modern finish. </span></p>
<p class=""p1""><b>THIS PRODUCT HAS BEEN MADE CONSCIOUSLY</b></p>
<p><br></p>",Galvan London UK,,Bridal,"after-party, BR21, Bridal, Bridal Dresses, category_bridal, civil, colour_white, OTM, size_34, size_36, size_38, size_40, size_42, size_44, tagged_CONSCIOUS",true,Size,34,,,,,1000000110302,0.0,,1,deny,manual,1195.00,,true,false,,https://cdn.shopify.com/s/files/1/1062/6128/products/CD1092_SONOMA_BRIDAL_DRESS_WHITE_1.jpg?v=1693468647,1,,false,,,,,,,,,,,,,,,g,,,true,,,true,,,active
sonoma-bridal-dress,,,,,,,,,36,,,,,1000000110319,0.0,,1,deny,manual,1195.00,,true,false,,https://cdn.shopify.com/s/files/1/1062/6128/products/CD1092_SONOMA_BRIDAL_DRESS_WHITE_2.jpg?v=1693468647,2,,,,,,,,,,,,,,,,,g,,,,,,,,,
sonoma-bridal-dress,,,,,,,,,38,,,,,1000000110326,0.0,,1,deny,manual,1195.00,,true,false,,https://cdn.shopify.com/s/files/1/1062/6128/products/CD1092_SONOMA_BRIDAL_DRESS_WHITE_3.jpg?v=1693468647,3,,,,,,,,,,,,,,,,,g,,,,,,,,,
sonoma-bridal-dress,,,,,,,,,40,,,,,1000000110333,0.0,,1,deny,manual,1195.00,,true,false,,https://cdn.shopify.com/s/files/1/1062/6128/products/CD1092_SONOMA_BRIDAL_DRESS_WHITE_4.jpg?v=1693468647,4,,,,,,,,,,,,,,,,,g,,,,,,,,,
sonoma-bridal-dress,,,,,,,,,42,,,,,1000000110340,0.0,,1,deny,manual,1195.00,,true,false,,https://cdn.shopify.com/s/files/1/1062/6128/products/CD1092_SONOMA_BRIDAL_DRESS_WHITE_A.jpg?v=1693468647,5,,,,,,,,,,,,,,,,,g,,,,,,,,,
sonoma-bridal-dress,,,,,,,,,44,,,,,1000000110357,0.0,,1,deny,manual,1195.00,,true,false,,,,,,,,,,,,,,,,,,,,g,,,,,,,,,
riviera-bridal-camisole,Riviera Bridal Camisole,"<style type=""text/css""><!--
td {border: 1px solid #cccccc;}br {mso-data-placement:same-cell;}
--></style>
<p><span data-sheets-userformat='{""2"":835,""3"":{""1"":0},""4"":{""1"":2,""2"":16773836},""9"":0,""11"":4,""12"":0}' data-sheets-value='{""1"":2,""2"":""Every bridal ensemble requires a dependable foundation, like the Riviera camisole. It‚Äôs made from lightweight satin with a partial lining for extra coverage at the bust. \n""}'>Every bridal ensemble requires a dependable foundation, like the Riviera camisole. It's made from lightweight satin with a partial lining for extra coverage at the bust. <br></span><br><b>THIS PRODUCT HAS BEEN MADE CONSCIOUSLY</b></p>",Galvan London UK,,Bridal,"BR21, Bridal, Bridal Separates, category_bridal, category_tops, CF, colour_white, Ecom, OTM, PFAW22 Bridal, signature, size_34, size_36, size_38, size_40, size_42, size_44, SS23 Bridal, tagged_CONSCIOUS",true,Size,34,,,,,5056537509511,0.0,,1,deny,manual,295.00,,false,false,,https://cdn.shopify.com/s/files/1/1062/6128/products/BOYFRIEND_TROUSER_076V_NECK_CAMISOLE_19763518-901a-467a-a117-5c8040da633e.jpg?v=1693468820,1,,false,,,,,,,,,,,,,,,g,,,true,,,true,,,active
riviera-bridal-camisole,,,,,,,,,36,,,,,5056537509528,0.0,,1,deny,manual,295.00,,false,false,,https://cdn.shopify.com/s/files/1/1062/6128/products/BOYFRIEND_TROUSER_091V_NECK_CAMISOLE_8ffc5dfa-7e0b-4b3f-92ca-c8a348230390.jpg?v=1693468820,2,,,,,,,,,,,,,,,,,g,,,,,,,,,
riviera-bridal-camisole,,,,,,,,,38,,,,,5056537509535,0.0,,1,deny,manual,295.00,,false,false,,https://cdn.shopify.com/s/files/1/1062/6128/products/BOYFRIEND_TROUSER_V_NECK_CAMISOLE_096_613ec518-f28d-471f-ae16-014cc191131b.jpg?v=1693468820,3,,,,,,,,,,,,,,,,,g,,,,,,,,,
riviera-bridal-camisole,,,,,,,,,40,,,,,5056537509542,0.0,,1,deny,manual,295.00,,false,false,,https://cdn.shopify.com/s/files/1/1062/6128/products/V-NECK-CAMISOLE_DETAIL_091_2b53bb01-31ca-42d1-a1f9-c5e5ef05ee26.jpg?v=1693468820,4,,,,,,,,,,,,,,,,,g,,,,,,,,,
riviera-bridal-camisole,,,,,,,,,42,,,,,5056537509559,0.0,,1,deny,manual,295.00,,false,false,,,,,,,,,,,,,,,,,,,,g,,,,,,,,,
riviera-bridal-camisole,,,,,,,,,44,,,,,5056537509566,0.0,,1,deny,manual,295.00,,false,false,,,,,,,,,,,,,,,,,,,,g,,,,,,,,,
salina-bridal-dress,Salina Bridal Dress,"<meta charset=""utf-8""><meta charset=""utf-8""><span data-mce-fragment=""1"">The champagne-toned Salina dress has a dramatic low plunging back and high side slits. Covered in glistening sequins, it's an undeniable showstopper. </span><br>",Galvan London UK,,Bridal,"Bridal Dresses, collagerie, OTM, PFAW22 Bridal, size_36, size_38, size_40, size_42, size_44",true,Size,34,,,,,5056537519442,0.0,,0,deny,manual,1595.00,,true,false,,https://cdn.shopify.com/s/files/1/1062/6128/products/DR0075100_SALINA_DRESS.014.jpg?v=1693468636,1,,false,,,,,,,,,,,,,,,g,,,true,,,true,,,active
salina-bridal-dress,,,,,,,,,36,,,,,5056537519459,0.0,,0,deny,manual,1595.00,,true,false,,https://cdn.shopify.com/s/files/1/1062/6128/products/DR0075100_SALINA_DRESS_068_1.jpg?v=1693468636,2,,,,,,,,,,,,,,,,,g,,,,,,,,,
salina-bridal-dress,,,,,,,,,38,,,,,5056537519466,0.0,,1,deny,manual,1595.00,,true,false,,https://cdn.shopify.com/s/files/1/1062/6128/products/DR0075100_SALINA_DRES_219_1.jpg?v=1693468636,3,,,,,,,,,,,,,,,,,g,,,,,,,,,
salina-bridal-dress,,,,,,,,,40,,,,,5056537519473,0.0,,1,deny,manual,1595.00,,true,false,,https://cdn.shopify.com/s/files/1/1062/6128/products/DR0075100_SALINA_DRESS_131_1.jpg?v=1693468636,4,,,,,,,,,,,,,,,,,g,,,,,,,,,
salina-bridal-dress,,,,,,,,,42,,,,,5056537519480,0.0,,1,deny,manual,1595.00,,true,false,,https://cdn.shopify.com/s/files/1/1062/6128/products/AW22Salinadress.jpg?v=1693468636,5,,,,,,,,,,,,,,,,,g,,,,,,,,,
salina-bridal-dress,,,,,,,,,44,,,,,5056537519497,0.0,,0,deny,manual,1595.00,,true,false,,,,,,,,,,,,,,,,,,,,g,,,,,,,,,
cropped-ushuaia-dress,Cropped Ushuaia Bridal Dress,"<meta charset=""utf-8""><meta charset=""utf-8""><span data-mce-fragment=""1"">Tie the knot in the Cropped Ushuaia Bridal dress, defined by a flattering asymmetric halter neckline. Lustrous satin skims and smoothes the figure, complemented by a cascading sash. </span><br>",Galvan London UK,,Bridal,"Bridal, Bridal Dresses, CF, civil, collagerie, Ecom, OTM, size_34, size_36, size_38, size_40, size_42, size_44, SS22 Bridal, SS23 Bridal, tagged_CONSCIOUS",true,Size,34,,,,,5060913089610,0.0,,1,deny,manual,995.00,,true,false,,https://cdn.shopify.com/s/files/1/1062/6128/products/CD1146100_USHUAIADRESS_2476.jpg?v=1693468631,1,,false,,,,,,,,,,,,,,,g,,,true,,,true,,,active
cropped-ushuaia-dress,,,,,,,,,36,,,,,5060913081256,0.0,,1,deny,manual,995.00,,true,false,,https://cdn.shopify.com/s/files/1/1062/6128/products/CD1146100_USHUAIADRESS_2487.jpg?v=1693468631,2,,,,,,,,,,,,,,,,,g,,,,,,,,,
cropped-ushuaia-dress,,,,,,,,,38,,,,,5060913086312,0.0,,1,deny,manual,995.00,,true,false,,https://cdn.shopify.com/s/files/1/1062/6128/products/CD1146100_USHUAIADRESS_2539.jpg?v=1693468631,3,,,,,,,,,,,,,,,,,g,,,,,,,,,
cropped-ushuaia-dress,,,,,,,,,40,,,,,5060913086695,0.0,,1,deny,manual,995.00,,true,false,,https://cdn.shopify.com/s/files/1/1062/6128/products/CD1146100_USHUAIADRESS_2575.jpg?v=1693468631,4,,,,,,,,,,,,,,,,,g,,,,,,,,,
cropped-ushuaia-dress,,,,,,,,,42,,,,,5060913085360,0.0,,1,deny,manual,995.00,,true,false,,https://cdn.shopify.com/s/files/1/1062/6128/products/CD1146100_USHUAIADRESS_2615.jpg?v=1693468631,5,,,,,,,,,,,,,,,,,g,,,,,,,,,
cropped-ushuaia-dress,,,,,,,,,44,,,,,5060913082222,0.0,,1,deny,manual,995.00,,true,false,,https://cdn.shopify.com/s/files/1/1062/6128/products/SS22CroppedUshuaiaDress.jpg?v=1693468631,6,,,,,,,,,,,,,,,,,g,,,,,,,,,
crepe-sienna-bridal-dress,Crepe Sienna Bridal Dress,"<meta charset=""utf-8"">
<style type=""text/css""><!--
td {border: 1px solid #cccccc;}br {mso-data-placement:same-cell;}
--></style>
<span data-mce-fragment=""1"">The pure white Sienna dress speaks to ageless bridal wear. An elegant high and sash-tie neckline, coupled with wrinkle-resistant crepe, cement its place as a time-honoured favourite.<br><br></span>
<p class=""p1""><b>THIS PRODUCT HAS BEEN MADE CONSCIOUSLY</b></p>",Galvan London UK,,Bridal,"Bridal, Bridal Dresses, CF, collagerie, Collections, Ecom, size_34, size_36, size_38, size_40, size_42, size_44, SS23 Bridal, tagged_CONSCIOUS",true,Size,34,,,,,1000000074253,0.0,,1,deny,manual,1595.00,,true,false,,https://cdn.shopify.com/s/files/1/1062/6128/products/BRIDAL_SIENNA_CREPE_WHITE_2226.jpg?v=1693468624,1,,false,,,,,,,,,,,,,,,g,,,true,,,true,,,active
crepe-sienna-bridal-dress,,,,,,,,,36,,,,,1000000074260,0.0,,1,deny,manual,1595.00,,true,false,,https://cdn.shopify.com/s/files/1/1062/6128/products/BRIDAL_SIENNA_CREPE_WHITE_2293.jpg?v=1693468624,2,,,,,,,,,,,,,,,,,g,,,,,,,,,
crepe-sienna-bridal-dress,,,,,,,,,38,,,,,1000000074277,0.0,,1,deny,manual,1595.00,,true,false,,https://cdn.shopify.com/s/files/1/1062/6128/products/BRIDAL_SIENNA_CREPE_WHITE_2303.jpg?v=1693468624,3,,,,,,,,,,,,,,,,,g,,,,,,,,,
crepe-sienna-bridal-dress,,,,,,,,,40,,,,,1000000074284,0.0,,1,deny,manual,1595.00,,true,false,,https://cdn.shopify.com/s/files/1/1062/6128/products/BRIDAL_SIENNA_CREPE_WHITE_2339.jpg?v=1693468624,4,,,,,,,,,,,,,,,,,g,,,,,,,,,
crepe-sienna-bridal-dress,,,,,,,,,42,,,,,1000000074291,0.0,,1,deny,manual,1595.00,,true,false,,https://cdn.shopify.com/s/files/1/1062/6128/products/SIENNA_CREPE_DRESS_WHITE_A_75235d55-8c52-4750-9b54-1c26eccda998.jpg?v=1693468624,5,,,,,,,,,,,,,,,,,g,,,,,,,,,
crepe-sienna-bridal-dress,,,,,,,,,44,,,,,1000000074482,0.0,,1,deny,manual,1595.00,,true,false,,,,,,,,,,,,,,,,,,,,g,,,,,,,,,
